-1.420792310432486438e+01,-2.614940898596827649e-04
-1.423829555366988409e+01,-2.337888158565660807e-04
-1.426866800301490379e+01,-2.028666872806301992e-04
-1.429904045235992527e+01,-1.687388446759940084e-04
-1.432941290170494497e+01,-1.314162969008880202e-04
-1.435978535104996645e+01,-9.090992233619992163e-05
-1.439015780039498438e+01,-4.723047007757084274e-05
-1.442053024974000763e+01,-3.885611113151492357e-07
-1.445090269908502734e+01,4.960531052555229006e-05
-1.448127514843004704e+01,1.027407766010141911e-04
-1.451164759777506674e+01,1.590075935592804386e-04
-1.454202004712008645e+01,2.183956414072076187e-04
-1.457239249646510615e+01,2.808949226158159512e-04
-1.460276494581012940e+01,3.464955610366879683e-04
-1.463313739515514733e+01,4.151878008328930766e-04
-1.466350984450016881e+01,4.869620054244695392e-04
-1.469388229384518674e+01,5.618086564480191105e-04
-1.472425474319020999e+01,6.397183527304673963e-04
-1.475462719253522614e+01,7.206818092764699819e-04
-1.478499964188024940e+01,8.046898562697092508e-04
-1.481537209122526910e+01,8.917334380874194447e-04
-1.484574454057028881e+01,9.818036123282975012e-04
-1.487611698991530851e+01,1.074891548853619365e-03
-1.490648943926032644e+01,1.170988528840981183e-03
-1.493686188860534969e+01,1.270085943851068273e-03
-1.496723433795036762e+01,1.372175294906816416e-03
-1.499760678729538910e+01,1.477248191585047322e-03
-1.502797923664041058e+01,1.585296351120370987e-03
-1.505835168598542850e+01,1.696311597520978268e-03
-1.508872413533045176e+01,1.810285860696545955e-03
-1.511909658467546969e+01,1.927211175597806983e-03
-1.514946903402048939e+01,2.047079681367709476e-03
-1.517984148336551087e+01,2.169883620503946023e-03
-1.521021393271052879e+01,2.295615338032895494e-03
-1.524058638205555205e+01,2.424267280694650164e-03
-1.527095883140056998e+01,2.555831996138975288e-03
-1.530133128074559146e+01,2.690302132132240797e-03
-1.533170373009060938e+01,2.827670435774897947e-03
-1.536207617943563086e+01,2.967929752729683499e-03
-1.539244862878065234e+01,3.111073026460204911e-03
-1.542282107812567205e+01,3.257093297479663266e-03
-1.545319352747069175e+01,3.405983702610061292e-03
-1.548356597681571145e+01,3.557737474251128872e-03
-1.551393842616073115e+01,3.712347939659389751e-03
-1.554431087550575441e+01,3.869808520236803478e-03
-1.557468332485077234e+01,4.030112730829230223e-03
-1.560505577419579382e+01,4.193254179034377159e-03
-1.563542822354081174e+01,4.359226564519121452e-03
-1.566580067288583322e+01,4.528023678346193397e-03
-1.569617312223085115e+01,4.699639402309862754e-03
-1.572654557157587440e+01,4.874067708281123144e-03
-1.575691802092089411e+01,5.051302657561220454e-03
-1.578729047026591381e+01,5.231338400244546147e-03
-1.581766291961093351e+01,5.414169174589951797e-03
-1.584803536895595144e+01,5.599789306400894222e-03
-1.587840781830097470e+01,5.788193208413968012e-03
-1.590878026764599085e+01,5.979375379695822841e-03
-1.593915271699101410e+01,6.173330405048611282e-03
-1.596952516633603558e+01,6.370052954423432827e-03
-1.599989761568105351e+01,6.569537782341905094e-03
-1.603027006502607676e+01,6.771779727326023533e-03
-1.606064251437109291e+01,6.976773711335485656e-03
-1.609101496371611262e+01,7.184514739213462495e-03
-1.612138741306113232e+01,7.394997898139293348e-03
-1.615175986240615558e+01,7.608218357089738780e-03
-1.618213231175117528e+01,7.824171366306996445e-03
-1.621250476109619498e+01,8.042852256774729591e-03
-1.624287721044121469e+01,8.264256439701323301e-03
-1.627324965978623794e+01,8.488379406010115175e-03
-1.630362210913125764e+01,8.715216725837351616e-03
-1.633399455847627735e+01,8.944764048037094281e-03
-1.636436700782129705e+01,9.177017099692852051e-03
-1.639473945716631675e+01,9.411971685636776400e-03
-1.642511190651133646e+01,9.649623687975115646e-03
-1.645548435585635616e+01,9.889969065621066063e-03
-1.648585680520137942e+01,1.013300385383380901e-02
-1.651622925454639557e+01,1.037872416376477841e-02
-1.654660170389141882e+01,1.062712618201005522e-02
-1.657697415323643497e+01,1.087820617016937302e-02
-1.660734660258145823e+01,1.113196046441184035e-02
-1.663771905192647793e+01,1.138838547504769129e-02
-1.666809150127149763e+01,1.164747768610658457e-02
-1.669846395061651734e+01,1.190923365492190661e-02
-1.672883639996153704e+01,1.217365001172148430e-02
-1.675920884930656030e+01,1.244072345922430170e-02
-1.678958129865158000e+01,1.271045077224320849e-02
-1.681995374799659970e+01,1.298282879729364958e-02
-1.685032619734161585e+01,1.325785445220833969e-02
-1.688069864668663911e+01,1.353552472575768155e-02
-1.691107109603166236e+01,1.381583667727599371e-02
-1.694144354537667851e+01,1.409878743629383764e-02
-1.697181599472170177e+01,1.438437420217521072e-02
-1.700218844406671792e+01,1.467259424376124617e-02
-1.703256089341174118e+01,1.496344489901892984e-02
-1.706293334275675733e+01,1.525692357469523100e-02
-1.709330579210177703e+01,1.555302774597729781e-02
-1.712367824144680029e+01,1.585175495615726363e-02
-1.715405069079181999e+01,1.615310281630298953e-02
-1.718442314013683969e+01,1.645706900493396768e-02
-1.721479558948185939e+01,1.676365126770188591e-02
-1.724516803882688265e+01,1.707284741707749617e-02
-1.727554048817190235e+01,1.738465533204151467e-02
-1.730591293751692206e+01,1.769907295778114578e-02
-1.733628538686194176e+01,1.801609830539168886e-02
-1.736665783620696146e+01,1.833572945158296053e-02
-1.739703028555198117e+01,1.865796453839056041e-02
-1.742740273489700442e+01,1.898280177289236176e-02
-1.745777518424202057e+01,1.931023942692959572e-02
-1.748814763358704383e+01,1.964027583683268519e-02
-1.751852008293205998e+01,1.997290940315222391e-02
-1.754889253227708323e+01,2.030813859039421951e-02
-1.757926498162209938e+01,2.064596192676027009e-02
-1.760963743096712264e+01,2.098637800389224414e-02
-1.764000988031214234e+01,2.132938547662196691e-02
-1.767038232965716205e+01,2.167498306272442124e-02
-1.770075477900218175e+01,2.202316954267700272e-02
-1.773112722834720500e+01,2.237394375942190414e-02
-1.776149967769222471e+01,2.272730461813361053e-02
-1.779187212703724441e+01,2.308325108599046036e-02
-1.782224457638226411e+01,2.344178219195117499e-02
-1.785261702572728737e+01,2.380289702653475004e-02
-1.788298947507230352e+01,2.416659474160564106e-02
-1.791336192441732678e+01,2.453287455016237364e-02
-1.794373437376234293e+01,2.490173572613120501e-02
-1.797410682310736618e+01,2.527317760416305722e-02
-1.800447927245238233e+01,2.564719957943529735e-02
-1.803485172179740559e+01,2.602380110745761144e-02
-1.806522417114242529e+01,2.640298170388126822e-02
-1.809559662048744499e+01,2.678474094431361821e-02
-1.812596906983246470e+01,2.716907846413534403e-02
-1.815634151917748795e+01,2.755599395832280044e-02
-1.818671396852250410e+01,2.794548718127362608e-02
-1.821708641786752381e+01,2.833755794663650809e-02
-1.824745886721254706e+01,2.873220612714517952e-02
-1.827783131655756677e+01,2.912943165445566751e-02
-1.830820376590258647e+01,2.952923451898780902e-02
-1.833857621524760617e+01,2.993161476977074242e-02
-1.836894866459262943e+01,3.033657251429191376e-02
-1.839932111393764558e+01,3.074410791834970846e-02
-1.842969356328266883e+01,3.115422120591042343e-02
-1.846006601262768498e+01,3.156691265896837545e-02
-1.849043846197270824e+01,3.198218261741019031e-02
-1.852081091131772439e+01,3.240003147888220747e-02
-1.855118336066274765e+01,3.282045969866242280e-02
-1.858155581000776735e+01,3.324346778953485293e-02
-1.861192825935278705e+01,3.366905632166868750e-02
-1.864230070869780675e+01,3.409722592250048062e-02
-1.867267315804282646e+01,3.452797727661965216e-02
-1.870304560738784971e+01,3.496131112565830507e-02
-1.873341805673286942e+01,3.539722826818362394e-02
-1.876379050607788912e+01,3.583572955959479778e-02
-1.879416295542290882e+01,3.627681591202248229e-02
-1.882453540476792853e+01,3.672048829423224525e-02
-1.885490785411295178e+01,3.716674773153175182e-02
-1.888528030345796793e+01,3.761559530568023973e-02
-1.891565275280299119e+01,3.806703215480315011e-02
-1.894602520214800734e+01,3.852105947330827784e-02
-1.897639765149303059e+01,3.897767851180690413e-02
-1.900677010083805030e+01,3.943689057703710782e-02
-1.903714255018306645e+01,3.989869703179100419e-02
-1.906751499952808970e+01,4.036309929484562659e-02
-1.909788744887311296e+01,4.083009884089600777e-02
-1.912825989821812911e+01,4.129969720049291027e-02
-1.915863234756314881e+01,4.177189595998297839e-02
-1.918900479690817207e+01,4.224669676145215852e-02
-1.921937724625319177e+01,4.272410130267291495e-02
-1.924974969559821147e+01,4.320411133705438084e-02
-1.928012214494323118e+01,4.368672867359552070e-02
-1.931049459428825443e+01,4.417195517684163047e-02
-1.934086704363327058e+01,4.465979276684465399e-02
-1.937123949297829029e+01,4.515024341912583089e-02
-1.940161194232330999e+01,4.564330916464197363e-02
-1.943198439166833325e+01,4.613899208975443672e-02
-1.946235684101334940e+01,4.663729433620238812e-02
-1.949272929035837265e+01,4.713821810107780841e-02
-1.952310173970339591e+01,4.764176563680455612e-02
-1.955347418904841206e+01,4.814793925112036826e-02
-1.958384663839343176e+01,4.865674130706172662e-02
-1.961421908773845146e+01,4.916817422295222811e-02
-1.964459153708347117e+01,4.968224047239374469e-02
-1.967496398642849442e+01,5.019894258426062239e-02
-1.970533643577351413e+01,5.071828314269740540e-02
-1.973570888511853383e+01,5.124026478711934951e-02
-1.976608133446355353e+01,5.176489021221563486e-02
-1.979645378380857679e+01,5.229216216795670030e-02
-1.982682623315359294e+01,5.282208345960313217e-02
-1.985719868249861619e+01,5.335465694771927142e-02
-1.988757113184363234e+01,5.388988554818833349e-02
-1.991794358118865560e+01,5.442777223223174005e-02
-1.994831603053367530e+01,5.496832002643070592e-02
-1.997868847987869501e+01,5.551153201275126764e-02
-2.000906092922371471e+01,5.605741132857230274e-02
-2.003943337856873796e+01,5.660596116671651190e-02
-2.006980582791375411e+01,5.715718477548380194e-02
-2.010017827725877382e+01,5.771108545868947060e-02
-2.013055072660379352e+01,5.826766657570309899e-02
-2.016092317594881678e+01,5.882693154149184339e-02
-2.019129562529383648e+01,5.938888382666669685e-02
-2.022166807463885618e+01,5.995352695753140143e-02
-2.025204052398387589e+01,6.052086451613435808e-02
-2.028241297332889914e+01,6.109090014032347166e-02
-2.031278542267391529e+01,6.166363752380456947e-02
-2.034315787201893500e+01,6.223908041620210968e-02
-2.037353032136395825e+01,6.281723262312299827e-02
-2.040390277070897795e+01,6.339809800622400737e-02
-2.043427522005399766e+01,6.398168048328123358e-02
-2.046464766939901736e+01,6.456798402826355310e-02
-2.049502011874403706e+01,6.515701267140804054e-02
-2.052539256808905677e+01,6.574877049929939155e-02
-2.055576501743407647e+01,6.634326165495169070e-02
-2.058613746677909617e+01,6.694049033789296888e-02
-2.061650991612411588e+01,6.754046080425378518e-02
-2.064688236546913913e+01,6.814317736685775173e-02
-2.067725481481415883e+01,6.874864439531527815e-02
-2.070762726415917854e+01,6.935686631612089648e-02
-2.073799971350419824e+01,6.996784761275334774e-02
-2.076837216284921794e+01,7.058159282577740334e-02
-2.079874461219423765e+01,7.119810655295148727e-02
-2.082911706153925735e+01,7.181739344933500691e-02
-2.085948951088427705e+01,7.243945822740185947e-02
-2.088986196022930386e+01,7.306430565715395231e-02
-2.092023440957431646e+01,7.369194056624042699e-02
-2.095060685891934327e+01,7.432236784007804908e-02
-2.098097930826435942e+01,7.495559242197576133e-02
-2.101135175760938267e+01,7.559161931326155437e-02
-2.104172420695439882e+01,7.623045357341259876e-02
-2.107209665629942208e+01,7.687210032018874928e-02
-2.110246910564444178e+01,7.751656472976896362e-02
-2.113284155498945793e+01,7.816385203689012184e-02
-2.116321400433448119e+01,7.881396753499013419e-02
-2.119358645367950089e+01,7.946691657635335249e-02
-2.122395890302452059e+01,8.012270457225881271e-02
-2.125433135236953675e+01,8.078133699313246041e-02
-2.128470380171456355e+01,8.144281936870201299e-02
-2.131507625105958326e+01,8.210715728815437542e-02
-2.134544870040460296e+01,8.277435640029706665e-02
-2.137582114974962266e+01,8.344442241372314328e-02
-2.140619359909464237e+01,8.411736109697723340e-02
-2.143656604843966207e+01,8.479317827872674684e-02
-2.146693849778468177e+01,8.547187984793620796e-02
-2.149731094712970147e+01,8.615347175404300395e-02
-2.152768339647472118e+01,8.683796000713771279e-02
-2.155805584581974088e+01,8.752535067814805336e-02
-2.158842829516476414e+01,8.821564989902458409e-02
-2.161880074450978739e+01,8.890886386293068988e-02
-2.164917319385480354e+01,8.960499882443537234e-02
-2.167954564319982325e+01,9.030406109970942619e-02
-2.170991809254484650e+01,9.100605706672507123e-02
-2.174029054188986265e+01,9.171099316545826274e-02
-2.177066299123488236e+01,9.241887589809466563e-02
-2.180103544057990206e+01,9.312971182923947266e-02
-2.183140788992492531e+01,9.384350758612930443e-02
-2.186178033926994146e+01,9.456026985884817548e-02
-2.189215278861496827e+01,9.528000540054726297e-02
-2.192252523795998798e+01,9.600272102766689575e-02
-2.195289768730500768e+01,9.672842362016272066e-02
-2.198327013665002383e+01,9.745712012173503302e-02
-2.201364258599504709e+01,9.818881754006185403e-02
-2.204401503534006679e+01,9.892352294703404825e-02
-2.207438748468508649e+01,9.966124347899631142e-02
-2.210475993403010619e+01,1.004019863369892823e-01
-2.213513238337512590e+01,1.011457587869960956e-01
-2.216550483272014560e+01,1.018925681601926120e-01
-2.219587728206516175e+01,1.026424218532011740e-01
-2.222624973141018856e+01,1.033953273283470115e-01
-2.225662218075520826e+01,1.041512921139190612e-01
-2.228699463010022797e+01,1.049103238044344355e-01
-2.231736707944524767e+01,1.056724300609053896e-01
-2.234773952879026737e+01,1.064376186111114925e-01
-2.237811197813528707e+01,1.072058972498736995e-01
-2.240848442748030678e+01,1.079772738393333931e-01
-2.243885687682532648e+01,1.087517563092349343e-01
-2.246922932617034618e+01,1.095293526572103798e-01
-2.249960177551536589e+01,1.103100709490705406e-01
-2.252997422486038559e+01,1.110939193190974283e-01
-2.256034667420541240e+01,1.118809059703414627e-01
-2.259071912355042855e+01,1.126710391749221468e-01
-2.262109157289544825e+01,1.134643272743332681e-01
-2.265146402224047151e+01,1.142607786797515262e-01
-2.268183647158548766e+01,1.150604018723470900e-01
-2.271220892093050736e+01,1.158632054036022319e-01
-2.274258137027552706e+01,1.166691978956295034e-01
-2.277295381962055032e+01,1.174783880414971005e-01
-2.280332626896556647e+01,1.182907846055551715e-01
-2.283369871831058617e+01,1.191063964237693423e-01
-2.286407116765561298e+01,1.199252324040558926e-01
-2.289444361700063268e+01,1.207473015266211508e-01
-2.292481606634564884e+01,1.215726128443064130e-01
-2.295518851569067209e+01,1.224011754829353732e-01
-2.298556096503569179e+01,1.232329986416661194e-01
-2.301593341438071150e+01,1.240680915933480288e-01
-2.304630586372573120e+01,1.249064636848818272e-01
-2.307667831307075090e+01,1.257481243375839775e-01
-2.310705076241577061e+01,1.265930830475558988e-01
-2.313742321176078676e+01,1.274413493860568070e-01
-2.316779566110581356e+01,1.282929329998815093e-01
-2.319816811045083327e+01,1.291478436117412809e-01
-2.322854055979585297e+01,1.300060910206506104e-01
-2.325891300914087267e+01,1.308676851023172771e-01
-2.328928545848589238e+01,1.317326358095375627e-01
-2.331965790783091208e+01,1.326009531725946267e-01
-2.335003035717593178e+01,1.334726472996632662e-01
-2.338040280652095149e+01,1.343477283772175623e-01
-2.341077525586597119e+01,1.352262066704436605e-01
-2.344114770521099089e+01,1.361080925236572703e-01
-2.347152015455601060e+01,1.369933963607259664e-01
-2.350189260390103740e+01,1.378821286854949313e-01
-2.353226505324605355e+01,1.387743000822193040e-01
-2.356263750259107326e+01,1.396699212159993597e-01
-2.359300995193609296e+01,1.405690028332220176e-01
-2.362338240128111622e+01,1.414715557620059849e-01
-2.365375485062613237e+01,1.423775909126516193e-01
-2.368412729997115207e+01,1.432871192780987013e-01
-2.371449974931617533e+01,1.442001519343829030e-01
-2.374487219866119148e+01,1.451167000411041630e-01
-2.377524464800621118e+01,1.460367748418951173e-01
-2.380561709735123799e+01,1.469603876648978846e-01
-2.383598954669625769e+01,1.478875499232419066e-01
-2.386636199604127029e+01,1.488182731155318905e-01
-2.389673444538629710e+01,1.497525688263371124e-01
-2.392710689473131680e+01,1.506904487266877146e-01
-2.395747934407633650e+01,1.516319245745749167e-01
-2.398785179342135621e+01,1.525770082154585539e-01
-2.401822424276637591e+01,1.535257115827781682e-01
-2.404859669211139561e+01,1.544780466984700951e-01
-2.407896914145641531e+01,1.554340256734901282e-01
-2.410934159080143502e+01,1.563936607083412922e-01
-2.413971404014645827e+01,1.573569640936081093e-01
-2.417008648949147798e+01,1.583239482104945861e-01
-2.420045893883649768e+01,1.592946255313699433e-01
-2.423083138818151738e+01,1.602690086203187314e-01
-2.426120383752653709e+01,1.612471101336971080e-01
-2.429157628687155679e+01,1.622289428206944439e-01
-2.432194873621657649e+01,1.632145195239019519e-01
-2.435232118556159620e+01,1.642038531798852008e-01
-2.438269363490661590e+01,1.651969568197640403e-01
-2.441306608425163560e+01,1.661938435697994931e-01
-2.444343853359666241e+01,1.671945266519839490e-01
-2.447381098294167501e+01,1.681990193846390480e-01
-2.450418343228669826e+01,1.692073351830206129e-01
-2.453455588163171797e+01,1.702194875599278845e-01
-2.456492833097674122e+01,1.712354901263200835e-01
-2.459530078032175737e+01,1.722553565919393292e-01
-2.462567322966677708e+01,1.732791007659400528e-01
-2.465604567901180033e+01,1.743067365575240446e-01
-2.468641812835681648e+01,1.753382779765823574e-01
-2.471679057770183618e+01,1.763737391343455363e-01
-2.474716302704685944e+01,1.774131342440372350e-01
-2.477753547639188270e+01,1.784564776215365745e-01
-2.480790792573689529e+01,1.795037836860475244e-01
-2.483828037508192210e+01,1.805550669607742520e-01
-2.486865282442694181e+01,1.816103420736035479e-01
-2.489902527377196151e+01,1.826696237577939974e-01
-2.492939772311698121e+01,1.837329268526738391e-01
-2.495977017246200091e+01,1.848002663043420701e-01
-2.499014262180702062e+01,1.858716571663814598e-01
-2.502051507115204032e+01,1.869471146005759477e-01
-2.505088752049706002e+01,1.880266538776353413e-01
-2.508125996984207973e+01,1.891102903779285638e-01
-2.511163241918710298e+01,1.901980395922236167e-01
-2.514200486853212269e+01,1.912899171224358430e-01
-2.517237731787714239e+01,1.923859386823810746e-01
-2.520274976722216209e+01,1.934861200985417418e-01
-2.523312221656718179e+01,1.945904773108349251e-01
-2.526349466591220150e+01,1.956990263733926760e-01
-2.529386711525722120e+01,1.968117834553466672e-01
-2.532423956460224090e+01,1.979287648416244716e-01
-2.535461201394726061e+01,1.990499869337506722e-01
-2.538498446329228742e+01,2.001754662506581850e-01
-2.541535691263730001e+01,2.013052194295067154e-01
-2.544572936198231972e+01,2.024392632265104575e-01
-2.547610181132734297e+01,2.035776145177733976e-01
-2.550647426067236623e+01,2.047202903001337226e-01
-2.553684671001738238e+01,2.058673076920150002e-01
-2.556721915936240563e+01,2.070186839342903484e-01
-2.559759160870742534e+01,2.081744363911497697e-01
-2.562796405805244149e+01,2.093345825509806968e-01
-2.565833650739746119e+01,2.104991400272547830e-01
-2.568870895674248445e+01,2.116681265594267392e-01
-2.571908140608750770e+01,2.128415600138373054e-01
-2.574945385543252030e+01,2.140194583846316279e-01
-2.577982630477754711e+01,2.152018397946817985e-01
-2.581019875412256681e+01,2.163887224965217737e-01
-2.584057120346758651e+01,2.175801248732902871e-01
-2.587094365281260622e+01,2.187760654396852522e-01
-2.590131610215762592e+01,2.199765628429242725e-01
-2.593168855150264562e+01,2.211816358637199720e-01
-2.596206100084766533e+01,2.223913034172608216e-01
-2.599243345019268503e+01,2.236055845542047615e-01
-2.602280589953770473e+01,2.248244984616813436e-01
-2.605317834888272444e+01,2.260480644643045878e-01
-2.608355079822774769e+01,2.272763020251978849e-01
-2.611392324757276739e+01,2.285092307470258932e-01
-2.614429569691778710e+01,2.297468703730404516e-01
-2.617466814626280680e+01,2.309892407881351806e-01
-2.620504059560782650e+01,2.322363620199117129e-01
-2.623541304495284621e+01,2.334882542397559713e-01
-2.626578549429786591e+01,2.347449377639273527e-01
-2.629615794364288561e+01,2.360064330546570444e-01
-2.632653039298790887e+01,2.372727607212591627e-01
-2.635690284233292502e+01,2.385439415212511349e-01
-2.638727529167794472e+01,2.398199963614894015e-01
-2.641764774102296442e+01,2.411009462993133345e-01
-2.644802019036799123e+01,2.423868125437022292e-01
-2.647839263971300738e+01,2.436776164564436187e-01
-2.650876508905803064e+01,2.449733795533163283e-01
-2.653913753840305034e+01,2.462741235052819944e-01
-2.656950998774806649e+01,2.475798701396899060e-01
-2.659988243709308620e+01,2.488906414414981116e-01
-2.663025488643810945e+01,2.502064595545009928e-01
-2.666062733578312915e+01,2.515273467825733800e-01
-2.669099978512814531e+01,2.528533255909289346e-01
-2.672137223447317211e+01,2.541844186073869971e-01
-2.675174468381819182e+01,2.555206486236569208e-01
-2.678211713316321152e+01,2.568620385966328135e-01
-2.681248958250822767e+01,2.582086116497051553e-01
-2.684286203185325093e+01,2.595603910740811870e-01
-2.687323448119827063e+01,2.609174003301242828e-01
-2.690360693054329033e+01,2.622796630487037040e-01
-2.693397937988831004e+01,2.636472030325601734e-01
-2.696435182923332974e+01,2.650200442576853832e-01
-2.699472427857834944e+01,2.663982108747159350e-01
-2.702509672792336914e+01,2.677817272103422686e-01
-2.705546917726839595e+01,2.691706177687310242e-01
-2.708584162661341210e+01,2.705649072329638916e-01
-2.711621407595843181e+01,2.719646204664926126e-01
-2.714658652530345151e+01,2.733697825146055860e-01
-2.717695897464847121e+01,2.747804186059135678e-01
-2.720733142399349092e+01,2.761965541538496383e-01
-2.723770387333851062e+01,2.776182147581859327e-01
-2.726807632268353387e+01,2.790454262065635849e-01
-2.729844877202855002e+01,2.804782144760428753e-01
-2.732882122137356973e+01,2.819166057346684240e-01
-2.735919367071858943e+01,2.833606263430487604e-01
-2.738956612006361624e+01,2.848103028559560990e-01
-2.741993856940863239e+01,2.862656620239410477e-01
-2.745031101875365565e+01,2.877267307949655240e-01
-2.748068346809867535e+01,2.891935363160527128e-01
-2.751105591744369505e+01,2.906661059349545106e-01
-2.754142836678871120e+01,2.921444672018378430e-01
-2.757180081613373090e+01,2.936286478709875802e-01
-2.760217326547875416e+01,2.951186759025288264e-01
-2.763254571482377031e+01,2.966145794641674716e-01
-2.766291816416879712e+01,2.981163869329510052e-01
-2.769329061351381682e+01,2.996241268970428195e-01
-2.772366306285883653e+01,3.011378281575244897e-01
-2.775403551220385268e+01,3.026575197302097120e-01
-2.778440796154887593e+01,3.041832308474826108e-01
-2.781478041089389563e+01,3.057149909601520887e-01
-2.784515286023891534e+01,3.072528297393317120e-01
-2.787552530958393504e+01,3.087967770783349164e-01
-2.790589775892895474e+01,3.103468630945929729e-01
-2.793627020827397445e+01,3.119031181315941037e-01
-2.796664265761899415e+01,3.134655727608448572e-01
-2.799701510696402096e+01,3.150342577838480262e-01
-2.802738755630903711e+01,3.166092042341108193e-01
-2.805776000565405681e+01,3.181904433791650777e-01
-2.808813245499907651e+01,3.197780067226185241e-01
-2.811850490434409622e+01,3.213719260062224969e-01
-2.814887735368911592e+01,3.229722332119650541e-01
-2.817924980303413562e+01,3.245789605641881681e-01
-2.820962225237915888e+01,3.261921405317270151e-01
-2.823999470172417503e+01,3.278118058300699689e-01
-2.827036715106919473e+01,3.294379894235491824e-01
-2.830073960041421444e+01,3.310707245275515409e-01
-2.833111204975924124e+01,3.327100446107519316e-01
-2.836148449910425740e+01,3.343559833973770989e-01
-2.839185694844928065e+01,3.360085748694900953e-01
-2.842222939779430035e+01,3.376678532693019319e-01
-2.845260184713932006e+01,3.393338531015102078e-01
-2.848297429648433621e+01,3.410066091356616091e-01
-2.851334674582935946e+01,3.426861564085428857e-01
-2.854371919517437917e+01,3.443725302265984722e-01
-2.857409164451939532e+01,3.460657661683736452e-01
-2.860446409386441857e+01,3.477659000869882666e-01
-2.863483654320944183e+01,3.494729681126342302e-01
-2.866520899255446153e+01,3.511870066551070479e-01
-2.869558144189947413e+01,3.529080524063601398e-01
-2.872595389124449738e+01,3.546361423430924309e-01
-2.875632634058952064e+01,3.563713137293628708e-01
-2.878669878993454034e+01,3.581136041192355401e-01
-2.881707123927956360e+01,3.598630513594573421e-01
-2.884744368862457975e+01,3.616196935921598410e-01
-2.887781613796959945e+01,3.633835692576012355e-01
-2.890818858731461916e+01,3.651547170969312028e-01
-2.893856103665963531e+01,3.669331761549935456e-01
-2.896893348600465856e+01,3.687189857831562056e-01
-2.899930593534968182e+01,3.705121856421796922e-01
-2.902967838469470507e+01,3.723128157051127651e-01
-2.906005083403972478e+01,3.741209162602255889e-01
-2.909042328338474093e+01,3.759365279139749716e-01
-2.912079573272976063e+01,3.777596915940062416e-01
-2.915116818207477678e+01,3.795904485521864324e-01
-2.918154063141980004e+01,3.814288403676765471e-01
-2.921191308076482329e+01,3.832749089500364637e-01
-2.924228553010984655e+01,3.851286965423690312e-01
-2.927265797945486625e+01,3.869902457244995819e-01
-2.930303042879987885e+01,3.888595994161929137e-01
-2.933340287814490210e+01,3.907368008804068538e-01
-2.936377532748992181e+01,3.926218937265875675e-01
-2.939414777683494506e+01,3.945149219140004493e-01
-2.942452022617996832e+01,3.964159297550998162e-01
-2.945489267552498447e+01,3.983249619189435098e-01
-2.948526512487000417e+01,4.002420634346428585e-01
-2.951563757421502388e+01,4.021672796948553841e-01
-2.954601002356004003e+01,4.041006564593200845e-01
-2.957638247290506328e+01,4.060422398584339621e-01
-2.960675492225008654e+01,4.079920763968705177e-01
-2.963712737159510979e+01,4.099502129572437092e-01
-2.966749982094012594e+01,4.119166968038124321e-01
-2.969787227028514565e+01,4.138915755862358492e-01
-2.972824471963016535e+01,4.158748973433660234e-01
-2.975861716897518150e+01,4.178667105070899002e-01
-2.978898961832020476e+01,4.198670639062232479e-01
-2.981936206766522446e+01,4.218760067704386829e-01
-2.984973451701025127e+01,4.238935887342554221e-01
-2.988010696635527097e+01,4.259198598410678382e-01
-2.991047941570028357e+01,4.279548705472286940e-01
-2.994085186504530682e+01,4.299986717261773950e-01
-2.997122431439032653e+01,4.320513146726249754e-01
-3.000159676373534978e+01,4.341128511067827156e-01
-3.003196921308036593e+01,4.361833331786489354e-01
-3.006234166242538919e+01,4.382628134723470792e-01
-3.009271411177040889e+01,4.403513450105125959e-01
-3.012308656111542504e+01,4.424489812587438231e-01
-3.015345901046044474e+01,4.445557761300951705e-01
-3.018383145980546445e+01,4.466717839896386377e-01
-3.021420390915049126e+01,4.487970596590716288e-01
-3.024457635849550385e+01,4.509316584213893253e-01
-3.027494880784053066e+01,4.530756360256106841e-01
-3.030532125718555037e+01,4.552290486915659407e-01
-3.033569370653057007e+01,4.573919531147453976e-01
-3.036606615587558622e+01,4.595644064712040011e-01
-3.039643860522060592e+01,4.617464664225319759e-01
-3.042681105456562918e+01,4.639381911208871889e-01
-3.045718350391064888e+01,4.661396392140886302e-01
-3.048755595325567569e+01,4.683508698507799495e-01
-3.051792840260068829e+01,4.705719426856492249e-01
-3.054830085194570799e+01,4.728029178847243386e-01
-3.057867330129072414e+01,4.750438561307328555e-01
-3.060904575063574384e+01,4.772948186285244643e-01
-3.063941819998077065e+01,4.795558671105724646e-01
-3.066979064932579035e+01,4.818270638425345975e-01
-3.070016309867081361e+01,4.841084716288990286e-01
-3.073053554801582976e+01,4.864001538186872864e-01
-3.076090799736084946e+01,4.887021743112441863e-01
-3.079128044670586917e+01,4.910145975620925363e-01
-3.082165289605088532e+01,4.933374885888712758e-01
-3.085202534539590857e+01,4.956709129773447242e-01
-3.088239779474092828e+01,4.980149368874933757e-01
-3.091277024408595508e+01,5.003696270596804663e-01
-3.094314269343097479e+01,5.027350508209046387e-01
-3.097351514277599094e+01,5.051112760911279365e-01
-3.100388759212101064e+01,5.074983713896925597e-01
-3.103426004146602679e+01,5.098964058418172796e-01
-3.106463249081105005e+01,5.123054491851802839e-01
-3.109500494015607330e+01,5.147255717765905070e-01
-3.112537738950109301e+01,5.171568445987450025e-01
-3.115574983884611271e+01,5.195993392670801292e-01
-3.118612228819112886e+01,5.220531280367066707e-01
-3.121649473753614856e+01,5.245182838094401001e-01
-3.124686718688116827e+01,5.269948801409315431e-01
-3.127723963622619507e+01,5.294829912478795642e-01
-3.130761208557121833e+01,5.319826920153524208e-01
-3.133798453491623448e+01,5.344940580041969147e-01
-3.136835698426125418e+01,5.370171654585611520e-01
-3.139872943360627389e+01,5.395520913135011254e-01
-3.142910188295129004e+01,5.420989132027047575e-01
-3.145947433229630974e+01,5.446577094663122010e-01
-3.148984678164133300e+01,5.472285591588433862e-01
-3.152021923098635980e+01,5.498115420572364798e-01
-3.155059168033137595e+01,5.524067386689932579e-01
-3.158096412967639566e+01,5.550142302404363903e-01
-3.161133657902141536e+01,5.576340987650790781e-01
-3.164170902836643151e+01,5.602664269921084905e-01
-3.167208147771145477e+01,5.629112984349916582e-01
-3.170245392705647447e+01,5.655687973801886148e-01
-3.173282637640149773e+01,5.682390088959988761e-01
-3.176319882574651743e+01,5.709220188415189412e-01
-3.179357127509153358e+01,5.736179138757340201e-01
-3.182394372443655328e+01,5.763267814667268896e-01
-3.185431617378157299e+01,5.790487099010211969e-01
-3.188468862312659979e+01,5.817837882930551041e-01
-3.191506107247161594e+01,5.845321065947797212e-01
-3.194543352181663920e+01,5.872937556054070862e-01
-3.197580597116165890e+01,5.900688269812761622e-01
-3.200617842050667150e+01,5.928574132458780399e-01
-3.203655086985169476e+01,5.956596078000041539e-01
-3.206692331919671801e+01,5.984755049320533704e-01
-3.209729576854174127e+01,6.013051998284736355e-01
-3.212766821788675742e+01,6.041487885843581651e-01
-3.215804066723178067e+01,6.070063682141956241e-01
-3.218841311657679682e+01,6.098780366627640781e-01
-3.221878556592182008e+01,6.127638928161915910e-01
-3.224915801526683623e+01,6.156640365131673676e-01
-3.227953046461185238e+01,6.185785685563213177e-01
-3.230990291395687564e+01,6.215075907237600505e-01
-3.234027536330189889e+01,6.244512057807779515e-01
-3.237064781264692215e+01,6.274095174917316831e-01
-3.240102026199193830e+01,6.303826306320876594e-01
-3.243139271133696155e+01,6.333706510006523738e-01
-3.246176516068197770e+01,6.363736854319697045e-01
-3.249213761002699385e+01,6.393918418089079569e-01
-3.252251005937201711e+01,6.424252290754330907e-01
-3.255288250871704037e+01,6.454739572495548083e-01
-3.258325495806206362e+01,6.485381374364903584e-01
-3.261362740740707977e+01,6.516178818419916530e-01
-3.264399985675209592e+01,6.547133037858962057e-01
-3.267437230609711918e+01,6.578245177158621448e-01
-3.270474475544213533e+01,6.609516392213172775e-01
-3.273511720478715858e+01,6.640947850476105474e-01
-3.276548965413218184e+01,6.672540731103790979e-01
-3.279586210347720510e+01,6.704296225101288309e-01
-3.282623455282222125e+01,6.736215535470340132e-01
-3.285660700216723740e+01,6.768299877359593708e-01
-3.288697945151226065e+01,6.800550478217154415e-01
-3.291735190085727680e+01,6.832968577945333077e-01
-3.294772435020230716e+01,6.865555429057854653e-01
-3.297809679954731621e+01,6.898312296839365088e-01
-3.300846924889234657e+01,6.931240459507493901e-01
-3.303884169823736272e+01,6.964341208377251569e-01
-3.306921414758237887e+01,6.997615848028061469e-01
-3.309958659692740213e+01,7.031065696473336457e-01
-3.312995904627241828e+01,7.064692085332580085e-01
-3.316033149561744153e+01,7.098496360006304462e-01
-3.319070394496247189e+01,7.132479879853527160e-01
-3.322107639430748094e+01,7.166644018372080316e-01
-3.325144884365250419e+01,7.200990163381743026e-01
-3.328182129299752745e+01,7.235519717210202595e-01
-3.331219374234253650e+01,7.270234096881930119e-01
-3.334256619168755975e+01,7.305134734310004818e-01
-3.337293864103258301e+01,7.340223076491072529e-01
-3.340331109037760626e+01,7.375500585703189671e-01
-3.343368353972262952e+01,7.410968739706906838e-01
-3.346405598906764567e+01,7.446629031949626443e-01
-3.349442843841266182e+01,7.482482971773009028e-01
-3.352480088775767797e+01,7.518532084623870126e-01
-3.355517333710270123e+01,7.554777912268318962e-01
-3.358554578644772448e+01,7.591222013009423231e-01
-3.361591823579274774e+01,7.627865961908332215e-01
-3.364629068513777099e+01,7.664711351008937079e-01
-3.367666313448278714e+01,7.701759789566239300e-01
-3.370703558382780329e+01,7.739012904278351757e-01
-3.373740803317282655e+01,7.776472339522265687e-01
-3.376778048251784980e+01,7.814139757593518976e-01
-3.379815293186286596e+01,7.852016838949730237e-01
-3.382852538120788921e+01,7.890105282458145242e-01
-3.385889783055290536e+01,7.928406805647190136e-01
-3.388927027989792862e+01,7.966923144962319014e-01
-3.391964272924294477e+01,8.005656056025912681e-01
-3.395001517858796092e+01,8.044607313901552814e-01
-3.398038762793299128e+01,8.083778713362701485e-01
-3.401076007727800743e+01,8.123172069165873754e-01
-3.404113252662303069e+01,8.162789216328295572e-01
-3.407150497596804684e+01,8.202632010410262353e-01
-3.410187742531307009e+01,8.242702327802245987e-01
-3.413224987465808624e+01,8.283002066016822429e-01
-3.416262232400310239e+01,8.323533143985485383e-01
-3.419299477334812565e+01,8.364297502360636960e-01
-3.422336722269314890e+01,8.405297103822444438e-01
-3.425373967203817216e+01,8.446533933391192628e-01
-3.428411212138318831e+01,8.488009998744822093e-01
-3.431448457072821157e+01,8.529727330541947428e-01
-3.434485702007322772e+01,8.571687982750383350e-01
-3.437522946941824387e+01,8.613894032981399551e-01
-3.440560191876326712e+01,8.656347582829689857e-01
-3.443597436810829038e+01,8.699050758219236679e-01
-3.446634681745331363e+01,8.742005709755271692e-01
-3.449671926679832978e+01,8.785214613082156232e-01
-3.452709171614334593e+01,8.828679669247850859e-01
-3.455746416548836919e+01,8.872403105074390117e-01
-3.458783661483338534e+01,8.916387173535202937e-01
-3.461820906417840860e+01,8.960634154138854557e-01
-3.464858151352343185e+01,9.005146353319661845e-01
-3.467895396286845511e+01,9.049926104835279705e-01
-3.470932641221347126e+01,9.094975770171287444e-01
-3.473969886155848741e+01,9.140297738952990469e-01
-3.477007131090351066e+01,9.185894429364657165e-01
-3.480044376024852681e+01,9.231768288576198689e-01
-3.483081620959355007e+01,9.277921793177611454e-01
-3.486118865893856622e+01,9.324357449621117899e-01
-3.489156110828359658e+01,9.371077794671579531e-01
-3.492193355762861273e+01,9.418085395864725928e-01
-3.495230600697363599e+01,9.465382851974092349e-01
-3.498267845631865214e+01,9.512972793486225154e-01
-3.501305090566366829e+01,9.560857883084730169e-01
-3.504342335500869154e+01,9.609040816143202823e-01
-3.507379580435371480e+01,9.657524321227183295e-01
-3.510416825369873095e+01,9.706311160605426425e-01
-3.513454070304375421e+01,9.755404130770805038e-01
-3.516491315238877036e+01,9.804806062970625735e-01
-3.519528560173378651e+01,9.854519823747072138e-01
-3.522565805107880976e+01,9.904548315487669008e-01
-3.525603050042383302e+01,9.954894476986152485e-01
-3.528640294976885627e+01,1.000556128401378198e+00
-3.531677539911387953e+01,1.005655174990164324e+00
-3.534714784845889568e+01,1.010786892613380950e+00
-3.537752029780391183e+01,1.015951590295192108e+00
-3.540789274714893509e+01,1.021149580997122497e+00
-3.543826519649395124e+01,1.026381181680844135e+00
-3.546863764583897449e+01,1.031646713372164958e+00
-3.549901009518399775e+01,1.036946501226258421e+00
-3.552938254452902100e+01,1.042280874594145423e+00
-3.555975499387403005e+01,1.047650167090470319e+00
-3.559012744321905330e+01,1.053054716662596091e+00
-3.562049989256407656e+01,1.058494865661043782e+00
-3.565087234190909982e+01,1.063970960911315711e+00
-3.568124479125411597e+01,1.069483353787120450e+00
-3.571161724059913922e+01,1.075032400285065748e+00
-3.574198968994415537e+01,1.080618461100788963e+00
-3.577236213928917863e+01,1.086241901706640034e+00
-3.580273458863419478e+01,1.091903092430880351e+00
-3.583310703797921093e+01,1.097602408538477459e+00
-3.586347948732424129e+01,1.103340230313515358e+00
-3.589385193666925744e+01,1.109116943143257705e+00
-3.592422438601428070e+01,1.114932937603922980e+00
-3.595459683535929685e+01,1.120788609548168724e+00
-3.598496928470432010e+01,1.126684360194383450e+00
-3.601534173404933625e+01,1.132620596217767783e+00
-3.604571418339435240e+01,1.138597729843308981e+00
-3.607608663273937566e+01,1.144616178940635720e+00
-3.610645908208439891e+01,1.150676367120840649e+00
-3.613683153142942217e+01,1.156778723835305334e+00
-3.616720398077443832e+01,1.162923684476556918e+00
-3.619757643011946158e+01,1.169111690481253074e+00
-3.622794887946447773e+01,1.175343189435280822e+00
-3.625832132880949388e+01,1.181618635181087118e+00
-3.628869377815451713e+01,1.187938487927248099e+00
-3.631906622749954039e+01,1.194303214360348697e+00
-3.634943867684456364e+01,1.200713287759256342e+00
-3.637981112618957980e+01,1.207169188111780977e+00
-3.641018357553459595e+01,1.213671402233860830e+00
-3.644055602487961920e+01,1.220220423891273054e+00
-3.647092847422463535e+01,1.226816753923968495e+00
-3.650130092356965861e+01,1.233460900373090752e+00
-3.653167337291467476e+01,1.240153378610723056e+00
-3.656204582225970512e+01,1.246894711472475770e+00
-3.659241827160472127e+01,1.253685429392941808e+00
-3.662279072094973742e+01,1.260526070544132793e+00
-3.665316317029476068e+01,1.267417180976931679e+00
-3.668353561963977683e+01,1.274359314765675988e+00
-3.671390806898480008e+01,1.281353034155938264e+00
-3.674428051832981623e+01,1.288398909715567919e+00
-3.677465296767483949e+01,1.295497520489119037e+00
-3.680502541701986274e+01,1.302649454155718534e+00
-3.683539786636488600e+01,1.309855307190467721e+00
-3.686577031570989504e+01,1.317115685029499605e+00
-3.689614276505491830e+01,1.324431202238755878e+00
-3.692651521439994156e+01,1.331802482686585076e+00
-3.695688766374495771e+01,1.339230159720278923e+00
-3.698726011308998096e+01,1.346714876346662315e+00
-3.701763256243500422e+01,1.354257285416791357e+00
-3.704800501178002037e+01,1.361858049814943739e+00
-3.707837746112503652e+01,1.369517842651953865e+00
-3.710874991047005977e+01,1.377237347463049266e+00
-3.713912235981508303e+01,1.385017258410294438e+00
-3.716949480916010629e+01,1.392858280489772893e+00
-3.719986725850512954e+01,1.400761129743625766e+00
-3.723023970785014569e+01,1.408726533477116183e+00
-3.726061215719516184e+01,1.416755230480805094e+00
-3.729098460654018510e+01,1.424847971258013990e+00
-3.732135705588520125e+01,1.433005518257731925e+00
-3.735172950523022450e+01,1.441228646113090983e+00
-3.738210195457524776e+01,1.449518141885558942e+00
-3.741247440392027102e+01,1.457874805315068967e+00
-3.744284685326528006e+01,1.466299449076192030e+00
-3.747321930261030332e+01,1.474792899040534344e+00
-3.750359175195531947e+01,1.483355994545577872e+00
-3.753396420130034983e+01,1.491989588670102451e+00
-3.756433665064536598e+01,1.500694548516384508e+00
-3.759470909999038923e+01,1.509471755499427470e+00
-3.762508154933540538e+01,1.518322105643301834e+00
-3.765545399868042864e+01,1.527246509884966574e+00
-3.768582644802544479e+01,1.536245894385635191e+00
-3.771619889737046094e+01,1.545321200850018784e+00
-3.774657134671548420e+01,1.554473386853614469e+00
-3.777694379606050745e+01,1.563703426178303602e+00
-3.780731624540553071e+01,1.573012309156511801e+00
-3.783768869475054686e+01,1.582401043024168175e+00
-3.786806114409557011e+01,1.591870652282731946e+00
-3.789843359344058626e+01,1.601422179070584040e+00
-3.792880604278560241e+01,1.611056683544014545e+00
-3.795917849213062567e+01,1.620775244268159998e+00
-3.798955094147564893e+01,1.630578958618155383e+00
-3.801992339082067218e+01,1.640468943190809270e+00
-3.805029584016568833e+01,1.650446334227146039e+00
-3.808066828951070448e+01,1.660512288046161800e+00
-3.811104073885572774e+01,1.670667981490098430e+00
-3.814141318820074389e+01,1.680914612381632978e+00
-3.817178563754576714e+01,1.691253399993342121e+00
-3.820215808689079040e+01,1.701685585529824962e+00
-3.823253053623581366e+01,1.712212432622906455e+00
-3.826290298558082981e+01,1.722835227840287198e+00
-3.829327543492584596e+01,1.733555281208134513e+00
-3.832364788427086921e+01,1.744373926748010950e+00
-3.835402033361588536e+01,1.755292523028608276e+00
-3.838439278296091572e+01,1.766312453732793886e+00
-3.841476523230592477e+01,1.777435128240435258e+00
-3.844513768165095513e+01,1.788661982227550018e+00
-3.847551013099597128e+01,1.799994478282268329e+00
-3.850588258034098743e+01,1.811434106538225119e+00
-3.853625502968601069e+01,1.822982385325893073e+00
-3.856662747903102684e+01,1.834640861842514292e+00
-3.859699992837605009e+01,1.846411112841194191e+00
-3.862737237772106624e+01,1.858294745339860388e+00
-3.865774482706608950e+01,1.870293397350695663e+00
-3.868811727641111275e+01,1.882408738630797052e+00
-3.871848972575612891e+01,1.894642471454743404e+00
-3.874886217510114506e+01,1.906996331409842815e+00
-3.877923462444616831e+01,1.919472088214805972e+00
-3.880960707379119157e+01,1.932071546562739606e+00
-3.883997952313621482e+01,1.944796546989167263e+00
-3.887035197248123808e+01,1.957648966766120990e+00
-3.890072442182625423e+01,1.970630720823045356e+00
-3.893109687117127038e+01,1.983743762695608259e+00
-3.896146932051628653e+01,1.996990085503308254e+00
-3.899184176986130979e+01,2.010371722956952656e+00
-3.902221421920633304e+01,2.023890750397045579e+00
-3.905258666855135630e+01,2.037549285864248105e+00
-3.908295911789637955e+01,2.051349491202997921e+00
-3.911333156724139570e+01,2.065293573199575405e+00
-3.914370401658641185e+01,2.079383784755806985e+00
-3.917407646593143511e+01,2.093622426099765121e+00
-3.920444891527645126e+01,2.108011846034774095e+00
-3.923482136462147452e+01,2.122554443228231946e+00
-3.926519381396649777e+01,2.137252667541645224e+00
-3.929556626331151392e+01,2.152109021403466826e+00
-3.932593871265653718e+01,2.167126061226370748e+00
-3.935631116200155333e+01,2.182306398870617503e+00
-3.938668361134656948e+01,2.197652703155252407e+00
-3.941705606069158563e+01,2.213167701419033406e+00
-3.944742851003661599e+01,2.228854181132964296e+00
-3.947780095938163925e+01,2.244714991566406859e+00
-3.950817340872665540e+01,2.260753045508951953e+00
-3.953854585807167865e+01,2.276971321050157648e+00
-3.956891830741669480e+01,2.293372863419425478e+00
-3.959929075676171095e+01,2.309960786888495488e+00
-3.962966320610673421e+01,2.326738276738953282e+00
-3.966003565545175746e+01,2.343708591297428701e+00
-3.969040810479678072e+01,2.360875064041172866e+00
-3.972078055414179687e+01,2.378241105776881970e+00
-3.975115300348682013e+01,2.395810206895805816e+00
-3.978152545283183628e+01,2.413585939708180472e+00
-3.981189790217685243e+01,2.431571960860350323e+00
-3.984227035152187568e+01,2.449772013837944407e+00
-3.987264280086689894e+01,2.468189931558753436e+00
-3.990301525021192219e+01,2.486829639059084052e+00
-3.993338769955693834e+01,2.505695156277480962e+00
-3.996376014890195449e+01,2.524790600940048702e+00
-3.999413259824697775e+01,2.544120191551621168e+00
-4.002450504759199390e+01,2.563688250497452081e+00
-4.005487749693701716e+01,2.583499207260133712e+00
-4.008524994628204041e+01,2.603557601756772755e+00
-4.011562239562706367e+01,2.623868087801803028e+00
-4.014599484497207982e+01,2.644435436700812048e+00
-4.017636729431709597e+01,2.665264540981372665e+00
-4.020673974366211922e+01,2.686360418266910521e+00
-4.023711219300713537e+01,2.707728215300043040e+00
-4.026748464235215863e+01,2.729373212122269798e+00
-4.029785709169717478e+01,2.751300826416965162e+00
-4.032822954104220514e+01,2.773516618023367464e+00
-4.035860199038722129e+01,2.796026293629317205e+00
-4.038897443973224455e+01,2.818835711651121123e+00
-4.041934688907726070e+01,2.841950887309311558e+00
-4.044971933842227685e+01,2.865377997909492880e+00
-4.048009178776730010e+01,2.889123388338082687e+00
-4.051046423711231625e+01,2.913193576783120520e+00
-4.054083668645733951e+01,2.937595260691061583e+00
-4.057120913580236277e+01,2.962335322970912621e+00
-4.060158158514737892e+01,2.987420838457853112e+00
-4.063195403449239507e+01,3.012859080649043175e+00
-4.066232648383741832e+01,3.038657528725048351e+00
-4.069269893318244158e+01,3.064823874871209330e+00
-4.072307138252746483e+01,3.091366031913893586e+00
-4.075344383187248098e+01,3.118292141287712926e+00
-4.078381628121750424e+01,3.145610581350281709e+00
-4.081418873056252039e+01,3.173329976062667868e+00
-4.084456117990754365e+01,3.201459204054162733e+00
-4.087493362925255980e+01,3.230007408091525534e+00
-4.090530607859758305e+01,3.258984004973845217e+00
-4.093567852794259920e+01,3.288398695875501598e+00
-4.096605097728762246e+01,3.318261477161160933e+00
-4.099642342663263861e+01,3.348582651697979085e+00
-4.102679587597766186e+01,3.379372840692066671e+00
-4.105716832532268512e+01,3.410642996077627220e+00
-4.108754077466770127e+01,3.442404413489138726e+00
-4.111791322401272453e+01,3.474668745848958906e+00
-4.114828567335774778e+01,3.507448017604489987e+00
-4.117865812270276393e+01,3.540754639651597202e+00
-4.120903057204778008e+01,3.574601424983103293e+00
-4.123940302139280334e+01,3.609001605103680621e+00
-4.126977547073781949e+01,3.643968847255582233e+00
-4.130014792008284275e+01,3.679517272501950487e+00
-4.133052036942785890e+01,3.715661474718248147e+00
-4.136089281877288926e+01,3.752416540545244317e+00
-4.139126526811791251e+01,3.789798070360923088e+00
-4.142163771746292156e+01,3.827822200332582359e+00
-4.145201016680794481e+01,3.866505625614427011e+00
-4.148238261615296096e+01,3.905865624760783472e+00
-4.151275506549798422e+01,3.945920085429971191e+00
-4.154312751484300037e+01,3.986687531458975808e+00
-4.157349996418803073e+01,4.028187151394978294e+00
-4.160387241353305399e+01,4.070438828576245172e+00
-4.163424486287807014e+01,4.113463172861052008e+00
-4.166461731222307918e+01,4.157281554111305510e+00
-4.169498976156810244e+01,4.201916137544771779e+00
-4.172536221091313280e+01,4.247389921079038899e+00
-4.175573466025814184e+01,4.293726774798946266e+00
-4.178610710960317220e+01,4.340951482690176277e+00
-4.181647955894818836e+01,4.389089786791728898e+00
-4.184685200829321161e+01,4.438168433932889734e+00
-4.187722445763822066e+01,4.488215225232467631e+00
-4.190759690698324391e+01,4.539259068553048060e+00
-4.193796935632827427e+01,4.591330034117768299e+00
-4.196834180567329042e+01,4.644459413514407942e+00
-4.199871425501831368e+01,4.698679782330045462e+00
-4.202908670436332983e+01,4.754025066679329115e+00
-4.205945915370835309e+01,4.810530613911778275e+00
-4.208983160305336213e+01,4.868233267807523745e+00
-4.212020405239838539e+01,4.927171448597391645e+00
-4.215057650174340864e+01,4.987385238172362456e+00
-4.218094895108843190e+01,5.048916470878920038e+00
-4.221132140043344805e+01,5.111808830332720710e+00
-4.224169384977847130e+01,5.176107952720379934e+00
-4.227206629912349456e+01,5.241861537102922242e+00
-4.230243874846851071e+01,5.309119463280311813e+00
-4.233281119781351975e+01,5.377933917828842780e+00
-4.236318364715855012e+01,5.448359528980048161e+00
-4.239355609650357337e+01,5.520453511073073471e+00
-4.242392854584858952e+01,5.594275819382900750e+00
-4.245430099519361278e+01,5.669889316203590823e+00
-4.248467344453862893e+01,5.747359949153430847e+00
-4.251504589388365218e+01,5.826756942763218206e+00
-4.254541834322866833e+01,5.908153004516882412e+00
-4.257579079257369159e+01,5.991624546632149162e+00
-4.260616324191871485e+01,6.077251925001538879e+00
-4.263653569126373100e+01,6.165119696862992882e+00
-4.266690814060875425e+01,6.255316898934752956e+00
-4.269728058995377040e+01,6.347937347935949326e+00
-4.272765303929879366e+01,6.443079965622463767e+00
-4.275802548864380981e+01,6.540849130703064063e+00
-4.278839793798883306e+01,6.641355060264376498e+00
-4.281877038733384921e+01,6.744714223631818051e+00
-4.284914283667887247e+01,6.851049791929713528e+00
-4.287951528602388862e+01,6.960492126984004990e+00
-4.290988773536891188e+01,7.073179313643100485e+00
-4.294026018471392803e+01,7.189257740081024473e+00
-4.297063263405895128e+01,7.308882731203786953e+00
-4.300100508340397454e+01,7.432219240914310632e+00
-4.303137753274899069e+01,7.559442609715025796e+00
-4.306174998209402105e+01,7.690739394954033692e+00
-4.309212243143903009e+01,7.826308281970898229e+00
-4.312249488078405335e+01,7.966361085486418858e+00
-4.315286733012906950e+01,8.111123851834946663e+00
-4.318323977947409276e+01,8.260838074084004390e+00
-4.321361222881910891e+01,8.415762033757697935e+00
-4.324398467816413216e+01,8.576172284818781577e+00
-4.327435712750916252e+01,8.742365297814203018e+00
-4.330472957685417157e+01,8.914659284710504394e+00
-4.333510202619919482e+01,9.093396228008039373e+00
-4.336547447554421097e+01,9.278944141305094817e+00
-4.339584692488924134e+01,9.471699592693090253e+00
-4.342621937423425038e+01,9.672090527319269881e+00
-4.345659182357927364e+01,9.869229999999999947e+00
-4.348696427292430400e+01,9.869229999999999947e+00
-4.351733672226932015e+01,9.869229999999999947e+00
-4.354770917161432919e+01,9.869229999999999947e+00
-4.357808162095935245e+01,9.869229999999999947e+00
-4.360845407030438281e+01,9.869229999999999947e+00
-4.363882651964939186e+01,9.869229999999999947e+00
-4.366919896899441511e+01,9.869229999999999947e+00
-4.369957141833943837e+01,9.869229999999999947e+00
-4.372994386768446162e+01,9.869229999999999947e+00
-4.376031631702947067e+01,9.869229999999999947e+00
-4.379068876637449392e+01,9.869229999999999947e+00
-4.382106121571951718e+01,9.869229999999999947e+00
-4.385143366506454043e+01,9.869229999999999947e+00
-4.388180611440954948e+01,9.869229999999999947e+00
-4.391217856375457984e+01,9.869229999999999947e+00
-4.394255101309960310e+01,9.869229999999999947e+00
-4.397292346244461925e+01,9.869229999999999947e+00
-4.400329591178964250e+01,9.869229999999999947e+00
-4.403366836113465865e+01,9.869229999999999947e+00
-4.406404081047968191e+01,9.869229999999999947e+00
-4.409441325982469095e+01,9.869229999999999947e+00
-4.412478570916972131e+01,9.869229999999999947e+00
-4.415515815851473747e+01,9.869229999999999947e+00
-4.418553060785976072e+01,9.869229999999999947e+00
-4.421590305720478398e+01,9.869229999999999947e+00
-4.424627550654980013e+01,9.869229999999999947e+00
-4.427664795589482338e+01,9.869229999999999947e+00
-4.430702040523983953e+01,9.869229999999999947e+00
-4.433739285458486279e+01,9.869229999999999947e+00
-4.436776530392987894e+01,9.869229999999999947e+00
-4.439813775327490220e+01,9.869229999999999947e+00
-4.442851020261991835e+01,9.869229999999999947e+00
-4.445888265196494160e+01,9.869229999999999947e+00
-4.448925510130995775e+01,9.869229999999999947e+00
-4.451962755065498101e+01,9.869229999999999947e+00
-4.455000000000000426e+01,9.869229999999999947e+00
