9.999999999999999547e-07,3.652183054630136816e+00
1.998998998998998928e-06,1.823079392143852395e+00
2.997997997997998113e-06,1.213014115968750417e+00
3.996996996996997298e-06,9.079145425413909232e-01
4.995995995995996482e-06,7.248342506974365662e-01
5.994994994994995667e-06,6.027727691679427569e-01
6.993993993993994852e-06,5.155825482142957217e-01
7.992992992992994884e-06,4.501883392079747415e-01
8.991991991991994069e-06,3.993255328352452449e-01
9.990990990990993254e-06,3.586351014504756129e-01
1.098998998998999244e-05,3.253429884155002449e-01
1.198898898898899162e-05,2.975997531449214306e-01
1.298798798798799081e-05,2.741249742178347160e-01
1.398698698698698999e-05,2.540040413387379403e-01
1.498598598598598918e-05,2.365662256270281427e-01
1.598498498498498836e-05,2.213084709706708009e-01
1.698398398398398755e-05,2.078460811222508642e-01
1.798298298298298673e-05,1.958798436060898707e-01
1.898198198198198592e-05,1.851735350566357241e-01
1.998098098098098510e-05,1.755381746510291108e-01
2.097997997997998429e-05,1.668207763677196920e-01
2.197897897897898347e-05,1.588961686851630140e-01
2.297797797797798266e-05,1.516609481884839128e-01
2.397697697697698184e-05,1.450289447176703606e-01
2.497597597597598103e-05,1.389277748409390445e-01
2.597497497497498021e-05,1.332961906528120632e-01
2.697397397397397940e-05,1.280820177084966704e-01
2.797297297297297858e-05,1.232405348152374736e-01
2.897197197197197777e-05,1.187331890288252367e-01
2.997097097097097695e-05,1.145265676430784058e-01
3.096996996996997275e-05,1.105915691433134451e-01
3.196896896896897532e-05,1.069027296016584472e-01
3.296796796796797112e-05,1.034376715425991272e-01
3.396696696696696691e-05,1.001766500649660802e-01
3.496596596596596949e-05,9.710217676957630384e-02
3.596496496496497206e-05,9.419870636403102071e-02
3.696396396396396786e-05,9.145237408711849592e-02
3.796296296296296365e-05,8.885077459153731261e-02
3.896196196196196623e-05,8.638277484387563154e-02
3.996096096096096880e-05,8.403835508896122242e-02
4.095995995995996460e-05,8.180847308720862188e-02
4.195895895895896039e-05,7.968494774621504018e-02
4.295795795795796297e-05,7.766035898946703486e-02
4.395695695695696554e-05,7.572796127903499985e-02
4.495595595595596133e-05,7.388160866834364571e-02
4.595495495495495713e-05,7.211568963047641778e-02
4.695395395395395970e-05,7.042507020611141200e-02
4.795295295295296228e-05,6.880504425783150191e-02
4.895195195195195807e-05,6.725128981563166519e-02
4.995095095095095387e-05,6.575983066087041917e-02
5.094994994994995644e-05,6.432700242967702431e-02
5.194894894894895902e-05,6.294942262743580264e-02
5.294794794794795481e-05,6.162396403779944742e-02
5.394694694694695061e-05,6.034773108620718890e-02
5.494594594594595318e-05,5.911803878188579692e-02
5.594494494494495576e-05,5.793239391602852950e-02
5.694394394394395155e-05,5.678847823908190345e-02
5.794294294294294735e-05,5.568413337828573284e-02
5.894194194194194992e-05,5.461734728899975133e-02
5.994094094094095250e-05,5.358624206087666403e-02
6.093993993993994829e-05,5.258906292341072181e-02
6.193893893893894409e-05,5.162416831544965751e-02
6.293793793793795344e-05,5.069002090045400533e-02
6.393693693693694923e-05,4.978517942406407437e-02
6.493593593593594503e-05,4.890829132326549727e-02
6.593493493493494083e-05,4.805808600743970149e-02
6.693393393393393663e-05,4.723336874110344030e-02
6.793293293293294597e-05,4.643301506639908871e-02
6.893193193193194177e-05,4.565596571057981001e-02
6.993093093093093757e-05,4.490122192999011774e-02
7.092992992992994692e-05,4.416784124750798568e-02
7.192892892892894271e-05,4.345493354519561202e-02
7.292792792792793851e-05,4.276165747809825696e-02
7.392692692692693431e-05,4.208721717881254432e-02
7.492592592592593010e-05,4.143085922568619239e-02
7.592492492492493945e-05,4.079186985036752783e-02
7.692392392392393525e-05,4.016957236294600719e-02
7.792292292292293105e-05,3.956332477515650536e-02
7.892192192192194040e-05,3.897251760409771448e-02
7.992092092092093619e-05,3.839657184066990608e-02
8.091991991991993199e-05,3.783493706849690164e-02
8.191891891891892779e-05,3.728708972048651316e-02
8.291791791791792358e-05,3.675253146142146848e-02
8.391691691691693293e-05,3.623078768607804895e-02
8.491591591591592873e-05,3.572140612335914650e-02
8.591491491491492453e-05,3.522395553781191430e-02
8.691391391391393387e-05,3.473802452069540969e-02
8.791291291291292967e-05,3.426322036347433792e-02
8.891191191191192547e-05,3.379916800725633191e-02
8.991091091091092126e-05,3.334550906226612516e-02
9.090990990990991706e-05,3.290190089196899648e-02
9.190890890890892641e-05,3.246801575692485203e-02
9.290790790790792221e-05,3.204354001387685336e-02
9.390690690690691800e-05,3.162817336596177031e-02
9.490590590590592735e-05,3.122162816027467327e-02
9.590490490490492315e-05,3.082362872933580925e-02
9.690390390390391895e-05,3.043391077329082872e-02
9.790290290290291474e-05,3.005222077993527016e-02
9.890190190190191054e-05,2.967831547988869847e-02
9.990090090090091989e-05,2.931196133445812882e-02
1.008998998998999157e-04,2.895293405392516950e-02
1.018988988988989115e-04,2.860101814416883201e-02
1.028978978978979208e-04,2.825600647969861781e-02
1.038968968968969166e-04,2.791769990131996032e-02
1.048958958958959124e-04,2.758590683679005076e-02
1.058948948948949082e-04,2.726044294294579715e-02
1.068938938938939040e-04,2.694113076789923442e-02
1.078928928928929134e-04,2.662779943199967622e-02
1.088918918918919092e-04,2.632028432635737797e-02
1.098908908908909050e-04,2.601842682781137575e-02
1.108898898898899143e-04,2.572207402930414347e-02
1.118888888888889101e-04,2.543107848470060189e-02
1.128878878878879059e-04,2.514529796715614732e-02
1.138868868868869017e-04,2.486459524020234388e-02
1.148858858858858975e-04,2.458883784077569093e-02
1.158848848848849068e-04,2.431789787346901738e-02
1.168838838838839026e-04,2.405165181533398464e-02
1.178828828828828984e-04,2.378998033060885503e-02
1.188818818818819078e-04,2.353276809478760737e-02
1.198808808808809036e-04,2.327990362748550909e-02
1.208798798798798994e-04,2.303127913359233683e-02
1.218788788788788952e-04,2.278679035223765345e-02
1.228778778778778910e-04,2.254633641312357023e-02
1.238768768768768868e-04,2.230981969980912194e-02
1.248758758758759097e-04,2.207714571955687877e-02
1.258748748748749055e-04,2.184822297937743379e-02
1.268738738738739013e-04,2.162296286792983122e-02
1.278728728728728971e-04,2.140127954295803492e-02
1.288718718718718929e-04,2.118308982396275783e-02
1.298708708708708887e-04,2.096831308982695374e-02
1.308698698698698845e-04,2.075687118113012097e-02
1.318688688688688803e-04,2.054868830690283893e-02
1.328678678678678760e-04,2.034369095558792237e-02
1.338668668668668989e-04,2.014180780998822695e-02
1.348658658658658947e-04,1.994296966599466009e-02
1.358648648648648905e-04,1.974710935489955646e-02
1.368638638638638863e-04,1.955416166911254708e-02
1.378628628628628821e-04,1.936406329110594224e-02
1.388618618618618779e-04,1.917675272542740048e-02
1.398608608608608737e-04,1.899217023362614193e-02
1.408598598598598966e-04,1.881025777194841528e-02
1.418588588588588924e-04,1.863095893166537287e-02
1.428578578578578882e-04,1.845421888190476936e-02
1.438568568568568840e-04,1.827998431486458145e-02
1.448558558558558798e-04,1.810820339329372725e-02
1.458548548548548756e-04,1.793882570013100031e-02
1.468538538538538714e-04,1.777180219019958152e-02
1.478528528528528672e-04,1.760708514385992199e-02
1.488518518518518630e-04,1.744462812252884493e-02
1.498508508508508859e-04,1.728438592597795337e-02
1.508498498498498817e-04,1.712631455132873626e-02
1.518488488488488775e-04,1.697037115366632765e-02
1.528478478478478733e-04,1.681651400819770756e-02
1.538468468468468691e-04,1.666470247388441087e-02
1.548458458458458649e-04,1.651489695848280814e-02
1.558448448448448607e-04,1.636705888492919619e-02
1.568438438438438836e-04,1.622115065900930908e-02
1.578428428428428794e-04,1.607713563825572192e-02
1.588418418418418752e-04,1.593497810201886106e-02
1.598408408408408710e-04,1.579464322266036988e-02
1.608398398398398668e-04,1.565609703781994932e-02
1.618388388388388626e-04,1.551930642370947383e-02
1.628378378378378584e-04,1.538423906938998602e-02
1.638368368368368542e-04,1.525086345198988988e-02
1.648358358358358500e-04,1.511914881282423392e-02
1.658348348348348729e-04,1.498906513437717018e-02
1.668338338338338687e-04,1.486058311811138538e-02
1.678328328328328645e-04,1.473367416307005268e-02
1.688318318318318603e-04,1.460831034523843094e-02
1.698308308308308561e-04,1.448446439763396119e-02
1.708298298298298518e-04,1.436210969109485806e-02
1.718288288288288476e-04,1.424122021573893254e-02
1.728278278278278705e-04,1.412177056306540383e-02
1.738268268268268663e-04,1.400373590867394491e-02
1.748258258258258621e-04,1.388709199557615522e-02
1.758248248248248579e-04,1.377181511807602093e-02
1.768238238238238537e-04,1.365788210619671775e-02
1.778228228228228495e-04,1.354527031063243458e-02
1.788218218218218453e-04,1.343395758820454568e-02
1.798208208208208411e-04,1.332392228780259966e-02
1.808198198198198369e-04,1.321514323679132824e-02
1.818188188188188598e-04,1.310759972786581032e-02
1.828178178178178556e-04,1.300127150633758819e-02
1.838168168168168514e-04,1.289613875783533758e-02
1.848158158158158472e-04,1.279218209640450854e-02
1.858148148148148430e-04,1.268938255299075987e-02
1.868138138138138388e-04,1.258772156429298003e-02
1.878128128128128346e-04,1.248718096197200256e-02
1.888118118118118575e-04,1.238774296220196067e-02
1.898108108108108533e-04,1.228939015555152378e-02
1.908098098098098491e-04,1.219210549718307245e-02
1.918088088088088449e-04,1.209587229735809878e-02
1.928078078078078407e-04,1.200067421223779095e-02
1.938068068068068365e-04,1.190649523496814695e-02
1.948058058058058323e-04,1.181331968703936385e-02
1.958048048048048281e-04,1.172113220990975667e-02
1.968038038038038239e-04,1.162991775688476496e-02
1.978028028028028468e-04,1.153966158524208016e-02
1.988018018018018426e-04,1.145034924859418372e-02
1.998008008008008384e-04,1.136196658947999372e-02
2.007997997997998342e-04,1.127449973217768860e-02
2.017987987987988300e-04,1.118793507573098180e-02
2.027977977977978258e-04,1.110225928718154391e-02
2.037967967967968216e-04,1.101745929500043755e-02
2.047957957957958445e-04,1.093352228271183071e-02
2.057947947947948403e-04,1.085043568270240878e-02
2.067937937937938361e-04,1.076818717021023504e-02
2.077927927927928319e-04,1.068676465748698810e-02
2.087917917917918276e-04,1.060615628812782395e-02
2.097907907907908234e-04,1.052635043156319693e-02
2.107897897897898192e-04,1.044733567770736796e-02
2.117887887887888150e-04,1.036910083175830895e-02
2.127877877877878108e-04,1.029163490914412372e-02
2.137867867867868337e-04,1.021492713061115422e-02
2.147857857857858295e-04,1.013896691744916104e-02
2.157847847847848253e-04,1.006374388684911671e-02
2.167837837837838211e-04,9.989247847389391005e-03
2.177827827827828169e-04,9.915468794646139020e-03
2.187817817817818127e-04,9.842396906923974939e-03
2.197807807807808085e-04,9.770022541103042316e-03
2.207797797797798314e-04,9.698336228598888192e-03
2.217787787787788272e-04,9.627328671431501644e-03
2.227777777777778230e-04,9.556990738400094124e-03
2.237767767767768188e-04,9.487313461360386349e-03
2.247757757757758146e-04,9.418288031601121379e-03
2.257747747747748104e-04,9.349905796316832288e-03
2.267737737737738062e-04,9.282158255173783568e-03
2.277727727727728020e-04,9.215037056966302043e-03
2.287717717717717978e-04,9.148533996360742535e-03
2.297707707707708207e-04,9.082641010724340491e-03
2.307697697697698165e-04,9.017350177036490000e-03
2.317687687687688123e-04,8.952653708879850306e-03
2.327677677677678081e-04,8.888543953508958040e-03
2.337667667667668039e-04,8.825013388994022365e-03
2.347657657657657997e-04,8.762054621437588911e-03
2.357647647647647955e-04,8.699660382262037681e-03
2.367637637637638184e-04,8.637823525565685792e-03
2.377627627627628142e-04,8.576537025545597284e-03
2.387617617617618100e-04,8.515793973985030449e-03
2.397607607607608058e-04,8.455587577803777566e-03
2.407597597597598016e-04,8.395911156669417716e-03
2.417587587587587974e-04,8.336758140667834688e-03
2.427577577577577932e-04,8.278122068031260050e-03
2.437567567567567890e-04,8.219996582922127482e-03
2.447557557557558119e-04,8.162375433271288130e-03
2.457547547547548348e-04,8.105252468668869628e-03
2.467537537537538034e-04,8.048621638306425671e-03
2.477527527527528264e-04,7.992476988968820126e-03
2.487517517517518493e-04,7.936812663074568897e-03
2.497507507507508179e-04,7.881622896763144231e-03
2.507497497497498408e-04,7.826902018028044500e-03
2.517487487487488095e-04,7.772644444894286769e-03
2.527477477477478324e-04,7.718844683639140836e-03
2.537467467467468011e-04,7.665497327054907745e-03
2.547457457457458240e-04,7.612597052752508552e-03
2.557447447447447927e-04,7.560138621504916209e-03
2.567437437437438156e-04,7.508116875629197197e-03
2.577427427427428385e-04,7.456526737406222669e-03
2.587417417417418072e-04,7.405363207536963185e-03
2.597407407407408301e-04,7.354621363634409464e-03
2.607397397397397988e-04,7.304296358750174585e-03
2.617387387387388217e-04,7.254383419934827895e-03
2.627377377377377904e-04,7.204877846831092385e-03
2.637367367367368133e-04,7.155775010298952299e-03
2.647357357357357820e-04,7.107070351071992712e-03
2.657347347347348049e-04,7.058759378443945839e-03
2.667337337337338278e-04,7.010837668984826535e-03
2.677327327327327965e-04,6.963300865285767909e-03
2.687317317317318194e-04,6.916144674731859732e-03
2.697307307307307881e-04,6.869364868302290511e-03
2.707297297297298110e-04,6.822957279397002216e-03
2.717287287287287797e-04,6.776917802689266107e-03
2.727277277277278026e-04,6.731242393003456295e-03
2.737267267267268255e-04,6.685927064217425143e-03
2.747257257257257942e-04,6.640967888188784897e-03
2.757247247247248171e-04,6.596360993704557772e-03
2.767237237237237858e-04,6.552102565453584750e-03
2.777227227227228087e-04,6.508188843021081582e-03
2.787217217217217774e-04,6.464616119904856295e-03
2.797207207207208003e-04,6.421380742552575821e-03
2.807197197197198232e-04,6.378479109419599516e-03
2.817187187187187919e-04,6.335907670046865212e-03
2.827177177177178148e-04,6.293662924158316928e-03
2.837167167167167835e-04,6.251741420777405002e-03
2.847157157157158064e-04,6.210139757362184189e-03
2.857147147147147750e-04,6.168854578958563040e-03
2.867137137137137979e-04,6.127882577371230981e-03
2.877127127127127666e-04,6.087220490351918749e-03
2.887117117117117895e-04,6.046865100804408449e-03
2.897107107107108124e-04,6.006813236006102417e-03
2.907097097097097811e-04,5.967061766845578423e-03
2.917087087087088040e-04,5.927607607075814633e-03
2.927077077077077727e-04,5.888447712582728713e-03
2.937067067067067956e-04,5.849579080668620805e-03
2.947057057057057643e-04,5.810998749350221142e-03
2.957047047047047872e-04,5.772703796670935507e-03
2.967037037037037559e-04,5.734691340027006645e-03
2.977027027027027788e-04,5.696958535507213456e-03
2.987017017017018017e-04,5.659502577245869442e-03
2.997007007007007704e-04,5.622320696788717098e-03
3.006996996996997933e-04,5.585410162471461486e-03
3.016986986986987620e-04,5.548768278810714029e-03
3.026976976976977849e-04,5.512392385906884212e-03
3.036966966966967536e-04,5.476279858858989699e-03
3.046956956956957765e-04,5.440428107190852305e-03
3.056946946946947994e-04,5.404834574288637332e-03
3.066936936936937681e-04,5.369496736849345940e-03
3.076926926926927910e-04,5.334412104340047200e-03
3.086916916916917597e-04,5.299578218467619964e-03
3.096906906906907826e-04,5.264992652658777306e-03
3.106896896896897513e-04,5.230653011550066497e-03
3.116886886886887742e-04,5.196556930487751698e-03
3.126876876876877971e-04,5.162702075037214205e-03
3.136866866866867658e-04,5.129086140501786135e-03
3.146856856856857887e-04,5.095706851450687927e-03
3.156846846846847574e-04,5.062561961255992483e-03
3.166836836836837803e-04,5.029649251638294155e-03
3.176826826826827490e-04,4.996966532221014043e-03
3.186816816816817719e-04,4.964511640093016362e-03
3.196806806806807406e-04,4.932282439379482956e-03
3.206796796796797635e-04,4.900276820820789227e-03
3.216786786786787864e-04,4.868492701359210598e-03
3.226776776776777550e-04,4.836928023733343303e-03
3.236766766766767780e-04,4.805580756079983612e-03
3.246756756756757466e-04,4.774448891543423001e-03
3.256746746746747695e-04,4.743530447891869568e-03
3.266736736736737382e-04,4.712823467140960995e-03
3.276726726726727611e-04,4.682326015184107119e-03
3.286716716716717298e-04,4.652036181429652570e-03
3.296706706706707527e-04,4.621952078444542013e-03
3.306696696696697756e-04,4.592071841604533113e-03
3.316686686686687443e-04,4.562393628750663170e-03
3.326676676676677672e-04,4.532915619851955562e-03
3.336666666666667359e-04,4.503636016674143934e-03
3.346656656656657588e-04,4.474553042454364714e-03
3.356646646646647275e-04,4.445664941581633188e-03
3.366636636636637504e-04,4.416969979283019883e-03
3.376626626626627733e-04,4.388466441315400611e-03
3.386616616616617420e-04,4.360152633662655285e-03
3.396606606606607649e-04,4.332026882238207942e-03
3.406596596596597336e-04,4.304087532592821251e-03
3.416586586586587565e-04,4.276332949627471153e-03
3.426576576576577252e-04,4.248761517311310312e-03
3.436566566566567481e-04,4.221371638404493136e-03
3.446556556556557710e-04,4.194161734185846736e-03
3.456546546546547397e-04,4.167130244185262081e-03
3.466536536536537626e-04,4.140275625920717718e-03
3.476526526526527313e-04,4.113596354639818993e-03
3.486516516516517542e-04,4.087090923065795495e-03
3.496506506506507229e-04,4.060757841147860474e-03
3.506496496496497458e-04,4.034595635815810787e-03
3.516486486486487145e-04,4.008602850738847423e-03
3.526476476476477374e-04,3.982778046088444879e-03
3.536466466466467603e-04,3.957119798305293659e-03
3.546456456456457290e-04,3.931626699870154583e-03
3.556446446446447519e-04,3.906297359078555499e-03
3.566436436436437206e-04,3.881130399819332152e-03
3.576426426426427435e-04,3.856124461356803292e-03
3.586416416416417122e-04,3.831278198116667196e-03
3.596406406406407351e-04,3.806590279475402776e-03
3.606396396396397037e-04,3.782059389553206041e-03
3.616386386386387266e-04,3.757684227010340931e-03
3.626376376376377495e-04,3.733463504846872439e-03
3.636366366366367182e-04,3.709395950205682246e-03
3.646356356356357411e-04,3.685480304178742617e-03
3.656346346346347098e-04,3.661715321616544009e-03
3.666336336336337327e-04,3.638099770940655172e-03
3.676326326326327014e-04,3.614632433959339385e-03
3.686316316316317243e-04,3.591312105686153121e-03
3.696306306306307472e-04,3.568137594161505024e-03
3.706296296296297159e-04,3.545107720277088439e-03
3.716286286286287388e-04,3.522221317603145031e-03
3.726276276276277075e-04,3.499477232218523460e-03
3.736266266266267304e-04,3.476874322543442065e-03
3.746256256256256991e-04,3.454411459174938637e-03
3.756246246246247220e-04,3.432087524724948286e-03
3.766236236236237449e-04,3.409901413660959123e-03
3.776226226226227136e-04,3.387852032149183713e-03
3.786216216216217365e-04,3.365938297900224630e-03
3.796206206206207052e-04,3.344159140017183372e-03
3.806196196196197281e-04,3.322513498846139772e-03
3.816186186186186968e-04,3.301000325829010155e-03
3.826176176176177197e-04,3.279618583358671902e-03
3.836166166166166884e-04,3.258367244636390866e-03
3.846156156156157113e-04,3.237245293531447118e-03
3.856146146146147342e-04,3.216251724442946869e-03
3.866136136136137029e-04,3.195385542163778087e-03
3.876126126126127258e-04,3.174645761746673362e-03
3.886116116116116945e-04,3.154031408372339265e-03
3.896106106106107174e-04,3.133541517219595382e-03
3.906096096096096861e-04,3.113175133337539504e-03
3.916086086086087090e-04,3.092931311519640531e-03
3.926076076076076777e-04,3.072809116179774699e-03
3.936066066066067006e-04,3.052807621230121428e-03
3.946056056056057235e-04,3.032925909960953060e-03
3.956046046046046922e-04,3.013163074922210489e-03
3.966036036036037151e-04,2.993518217806888111e-03
3.976026026026026837e-04,2.973990449336171710e-03
3.986016016016017066e-04,2.954578889146304132e-03
3.996006006006006753e-04,2.935282665677141443e-03
4.005995995995996982e-04,2.916100916062388301e-03
4.015985985985987211e-04,2.897032786021471774e-03
4.025975975975976898e-04,2.878077429753000700e-03
4.035965965965967127e-04,2.859234009829841362e-03
4.045955955955956814e-04,2.840501697095729281e-03
4.055945945945947043e-04,2.821879670563403209e-03
4.065935935935936730e-04,2.803367117314263090e-03
4.075925925925926959e-04,2.784963232399472171e-03
4.085915915915917188e-04,2.766667218742541873e-03
4.095905905905906875e-04,2.748478287043323084e-03
4.105895895895897104e-04,2.730395655683403016e-03
4.115885885885886791e-04,2.712418550632875094e-03
4.125875875875877020e-04,2.694546205358481009e-03
4.135865865865866707e-04,2.676777860733061190e-03
4.145855855855856936e-04,2.659112764946330604e-03
4.155845845845846623e-04,2.641550173416931744e-03
4.165835835835836852e-04,2.624089348705756133e-03
4.175825825825827081e-04,2.606729560430520471e-03
4.185815815815816768e-04,2.589470085181546245e-03
4.195805805805806997e-04,2.572310206438754507e-03
4.205795795795796684e-04,2.555249214489844177e-03
4.215785785785786913e-04,2.538286406349631735e-03
4.225775775775776600e-04,2.521421085680534968e-03
4.235765765765766829e-04,2.504652562714176477e-03
4.245755755755756516e-04,2.487980154174104785e-03
4.255745745745746745e-04,2.471403183199595739e-03
4.265735735735736974e-04,2.454920979270528575e-03
4.275725725725726661e-04,2.438532878133311925e-03
4.285715715715716890e-04,2.422238221727845454e-03
4.295705705705706577e-04,2.406036358115511489e-03
4.305695695695696806e-04,2.389926641408146330e-03
4.315685685685686493e-04,2.373908431698026813e-03
4.325675675675676722e-04,2.357981094988798390e-03
4.335665665665666951e-04,2.342144003127384633e-03
4.345655655655656638e-04,2.326396533736817870e-03
4.355645645645646867e-04,2.310738070149990966e-03
4.365635635635636553e-04,2.295168001344344549e-03
4.375625625625626782e-04,2.279685721877415961e-03
4.385615615615616469e-04,2.264290631823296773e-03
4.395605605605606698e-04,2.248982136709933369e-03
4.405595595595596927e-04,2.233759647457304008e-03
4.415585585585586614e-04,2.218622580316411200e-03
4.425575575575576843e-04,2.203570356809121927e-03
4.435565565565566530e-04,2.188602403668805842e-03
4.445555555555556759e-04,2.173718152781779680e-03
4.455545545545546446e-04,2.158917041129543128e-03
4.465535535535536675e-04,2.144198510731780589e-03
4.475525525525526362e-04,2.129562008590130551e-03
4.485515515515516591e-04,2.115006986632715635e-03
4.495505505505506820e-04,2.100532901659394724e-03
4.505495495495496507e-04,2.086139215287759283e-03
4.515485485485486736e-04,2.071825393899837022e-03
4.525475475475476423e-04,2.057590908589503748e-03
4.535465465465466652e-04,2.043435235110589547e-03
4.545455455455456339e-04,2.029357853825680159e-03
4.555445445445446568e-04,2.015358249655566265e-03
4.565435435435436255e-04,2.001435912029389703e-03
4.575425425425426484e-04,1.987590334835409849e-03
4.585415415415416713e-04,1.973821016372444368e-03
4.595405405405406400e-04,1.960127459301917556e-03
4.605395395395396629e-04,1.946509170600547707e-03
4.615385385385386316e-04,1.932965661513645975e-03
4.625375375375376545e-04,1.919496447509015224e-03
4.635365365365366232e-04,1.906101048231456261e-03
4.645355355355356461e-04,1.892778987457844134e-03
4.655345345345346690e-04,1.879529793052804642e-03
4.665335335335336377e-04,1.866352996924935991e-03
4.675325325325326606e-04,1.853248134983612660e-03
4.685315315315316293e-04,1.840214747096330719e-03
4.695305305305306522e-04,1.827252377046597849e-03
4.705295295295296209e-04,1.814360572492367636e-03
4.715285285285286438e-04,1.801538884924991672e-03
4.725275275275276667e-04,1.788786869628697287e-03
4.735265265265266353e-04,1.776104085640585906e-03
4.745255255255256582e-04,1.763490095711117136e-03
4.755245245245246269e-04,1.750944466265114564e-03
4.765235235235236498e-04,1.738466767363242536e-03
4.775225225225226185e-04,1.726056572663978855e-03
4.785215215215216414e-04,1.713713459386056927e-03
4.795205205205206101e-04,1.701437008271381932e-03
4.805195195195196330e-04,1.689226803548403866e-03
4.815185185185186559e-04,1.677082432895955289e-03
4.825175175175176246e-04,1.665003487407530538e-03
4.835165165165166475e-04,1.652989561556006664e-03
4.845155155155156162e-04,1.641040253158813000e-03
4.855145145145146391e-04,1.629155163343513598e-03
4.865135135135136078e-04,1.617333896513826813e-03
4.875125125125126307e-04,1.605576060316057973e-03
4.885115115115115994e-04,1.593881265605947076e-03
4.895105105105106765e-04,1.582249126415906371e-03
4.905095095095096452e-04,1.570679259922693567e-03
4.915085085085086139e-04,1.559171286415436328e-03
4.925075075075075826e-04,1.547724829264076566e-03
4.935065065065066597e-04,1.536339514888188573e-03
4.945055055055056284e-04,1.525014972726173364e-03
4.955045045045045971e-04,1.513750835204823826e-03
4.965035035035036742e-04,1.502546737709263037e-03
4.975025025025026429e-04,1.491402318553245376e-03
4.985015015015016116e-04,1.480317218949806076e-03
4.995005005005005803e-04,1.469291082982272486e-03
5.004994994994996574e-04,1.458323557575614236e-03
5.014984984984986261e-04,1.447414292468146872e-03
5.024974974974975948e-04,1.436562940183560297e-03
5.034964964964965635e-04,1.425769156003285501e-03
5.044954954954956406e-04,1.415032597939194781e-03
5.054944944944946093e-04,1.404352926706620933e-03
5.064934934934935780e-04,1.393729805697690224e-03
5.074924924924926551e-04,1.383162900954982991e-03
5.084914914914916238e-04,1.372651881145493498e-03
5.094904904904905924e-04,1.362196417534902249e-03
5.104894894894895611e-04,1.351796183962147542e-03
5.114884884884886383e-04,1.341450856814294318e-03
5.124874874874876069e-04,1.331160115001705710e-03
5.134864864864865756e-04,1.320923639933489985e-03
5.144854854854856527e-04,1.310741115493239571e-03
5.154844844844846214e-04,1.300612228015065415e-03
5.164834834834835901e-04,1.290536666259882448e-03
5.174824824824825588e-04,1.280514121391996239e-03
5.184814814814816359e-04,1.270544286955943136e-03
5.194804804804806046e-04,1.260626858853604705e-03
5.204794794794795733e-04,1.250761535321586295e-03
5.214784784784786504e-04,1.240948016908851670e-03
5.224774774774776191e-04,1.231186006454617005e-03
5.234764764764765878e-04,1.221475209066497265e-03
5.244754754754755565e-04,1.211815332098904567e-03
5.254744744744746336e-04,1.202206085131684622e-03
5.264734734734736023e-04,1.192647179949013611e-03
5.274724724724725710e-04,1.183138330518511026e-03
5.284714714714715397e-04,1.173679252970610777e-03
5.294704704704706168e-04,1.164269665578154551e-03
5.304694694694695855e-04,1.154909288736221317e-03
5.314684684684685542e-04,1.145597844942174539e-03
5.324674674674676313e-04,1.136335058775949204e-03
5.334664664664666000e-04,1.127120656880548338e-03
5.344654654654655687e-04,1.117954367942760024e-03
5.354644644644645374e-04,1.108835922674095403e-03
5.364634634634636145e-04,1.099765053791935260e-03
5.374624624624625832e-04,1.090741496000889989e-03
5.384614614614615519e-04,1.081764985974362518e-03
5.394604604604606290e-04,1.072835262336317881e-03
5.404594594594595977e-04,1.063952065643262480e-03
5.414584584584585664e-04,1.055115138366407657e-03
5.424574574574575351e-04,1.046324224874043817e-03
5.434564564564566122e-04,1.037579071414104293e-03
5.444554554554555809e-04,1.028879426096920022e-03
5.454544544544545496e-04,1.020225038878162880e-03
5.464534534534536267e-04,1.011615661541978963e-03
5.474524524524525954e-04,1.003051047684309655e-03
5.484514514514515640e-04,9.945309526963827008e-04
5.494504504504505327e-04,9.860551337483982118e-04
5.504494494494496099e-04,9.776233497733820797e-04
5.514484484484485785e-04,9.692353614512215325e-04
5.524474474474475472e-04,9.608909311928667905e-04
5.534464464464466243e-04,9.525898231247080386e-04
5.544454454454455930e-04,9.443318030731278224e-04
5.554444444444445617e-04,9.361166385492038222e-04
5.564434434434435304e-04,9.279440987335916061e-04
5.574424424424426075e-04,9.198139544615625308e-04
5.584414414414415762e-04,9.117259782082061175e-04
5.594404404404405449e-04,9.036799440737867083e-04
5.604394394394396220e-04,8.956756277692560315e-04
5.614384384384385907e-04,8.877128066019321926e-04
5.624374374374375594e-04,8.797912594613132133e-04
5.634364364364365281e-04,8.719107668050548286e-04
5.644354354354356052e-04,8.640711106450918314e-04
5.654344344344345739e-04,8.562720745339097959e-04
5.664334334334335426e-04,8.485134435509565556e-04
5.674324324324325113e-04,8.407950042892055765e-04
5.684314314314315884e-04,8.331165448418478099e-04
5.694304304304305571e-04,8.254778547891433553e-04
5.704294294294295258e-04,8.178787251853897843e-04
5.714284284284286029e-04,8.103189485460411678e-04
5.724274274274275716e-04,8.027983188349613287e-04
5.734264264264265403e-04,7.953166314517990656e-04
5.744254254254255090e-04,7.878736832195113718e-04
5.754244244244245861e-04,7.804692723720021204e-04
5.764234234234235548e-04,7.731031985419012636e-04
5.774224224224225235e-04,7.657752627484581964e-04
5.784214214214216006e-04,7.584852673855729246e-04
5.794204204204205693e-04,7.512330162099464933e-04
5.804194194194195380e-04,7.440183143293471009e-04
5.814184184184185067e-04,7.368409681910070754e-04
5.824174174174175838e-04,7.297007855701344520e-04
5.834164164164165525e-04,7.225975755585460885e-04
5.844154154154155211e-04,7.155311485534087681e-04
5.854144144144145983e-04,7.085013162461035758e-04
5.864134134134135670e-04,7.015078916112076936e-04
5.874124124124125356e-04,6.945506888955748585e-04
5.884114114114115043e-04,6.876295236075375761e-04
5.894104104104105814e-04,6.807442125062197064e-04
5.904094094094095501e-04,6.738945735909506385e-04
5.914084084084085188e-04,6.670804260907934160e-04
5.924074074074074875e-04,6.603015904541739093e-04
5.934064064064065646e-04,6.535578883386162401e-04
5.944054054054055333e-04,6.468491426005871679e-04
5.954044044044045020e-04,6.401751772854317665e-04
5.964034034034035791e-04,6.335358176174190389e-04
5.974024024024025478e-04,6.269308899898870611e-04
5.984014014014015165e-04,6.203602219554792000e-04
5.994004004004004852e-04,6.138236422164873411e-04
6.003993993993995623e-04,6.073209806152861899e-04
6.013983983983985310e-04,6.008520681248648255e-04
6.023973973973974997e-04,5.944167368394501954e-04
6.033963963963965768e-04,5.880148199652260191e-04
6.043953953953955455e-04,5.816461518111454764e-04
6.053943943943945142e-04,5.753105677798290045e-04
6.063933933933934829e-04,5.690079043585563124e-04
6.073923923923925600e-04,5.627379991103468671e-04
6.083913913913915287e-04,5.565006906651314518e-04
6.093903903903904974e-04,5.502958187109990764e-04
6.103893893893895745e-04,5.441232239855443940e-04
6.113883883883885432e-04,5.379827482672933960e-04
6.123873873873875119e-04,5.318742343672071705e-04
6.133863863863864806e-04,5.257975261202804196e-04
6.143853853853855577e-04,5.197524683772124015e-04
6.153843843843845264e-04,5.137389069961653676e-04
6.163833833833834951e-04,5.077566888345979180e-04
6.173823823823825722e-04,5.018056617411801061e-04
6.183813813813815409e-04,4.958856745477906169e-04
6.193803803803805096e-04,4.899965770615825758e-04
6.203793793793794783e-04,4.841382200571342498e-04
6.213783783783785554e-04,4.783104552686702764e-04
6.223773773773775241e-04,4.725131353823646958e-04
6.233763763763764927e-04,4.667461140287050775e-04
6.243753753753755699e-04,4.610092457749450094e-04
6.253743743743745385e-04,4.553023861176200672e-04
6.263733733733735072e-04,4.496253914751346362e-04
6.273723723723724759e-04,4.439781191804252234e-04
6.283713713713715530e-04,4.383604274736896357e-04
6.293703703703705217e-04,4.327721754951882561e-04
6.303693693693694904e-04,4.272132232781075548e-04
6.313683683683684591e-04,4.216834317415009566e-04
6.323673673673675362e-04,4.161826626832863048e-04
6.333663663663665049e-04,4.107107787733221458e-04
6.343653653653654736e-04,4.052676435465336164e-04
6.353643643643645507e-04,3.998531213961164480e-04
6.363633633633635194e-04,3.944670775668007636e-04
6.373623623623624881e-04,3.891093781481748328e-04
6.383613613613614568e-04,3.837798900680755034e-04
6.393603603603605339e-04,3.784784810860398921e-04
6.403593593593595026e-04,3.732050197868174097e-04
6.413583583583584713e-04,3.679593755739433156e-04
6.423573573573575484e-04,3.627414186633694639e-04
6.433563563563565171e-04,3.575510200771621068e-04
6.443553553553554858e-04,3.523880516372463736e-04
6.453543543543544545e-04,3.472523859592201384e-04
6.463533533533535316e-04,3.421438964462181946e-04
6.473523523523525003e-04,3.370624572828380123e-04
6.483513513513514690e-04,3.320079434291160194e-04
6.493503503503505461e-04,3.269802306145637850e-04
6.503493493493495148e-04,3.219791953322600933e-04
6.513483483483484835e-04,3.170047148329932702e-04
6.523473473473474522e-04,3.120566671194601599e-04
6.533463463463465293e-04,3.071349309405162751e-04
6.543453453453454980e-04,3.022393857854834107e-04
6.553443443443444667e-04,2.973699118785019802e-04
6.563433433433434354e-04,2.925263901729403273e-04
6.573423423423425125e-04,2.877087023458537482e-04
6.583413413413414812e-04,2.829167307924936579e-04
6.593403403403404498e-04,2.781503586208668470e-04
6.603393393393395270e-04,2.734094696463423347e-04
6.613383383383384957e-04,2.686939483863125949e-04
6.623373373373374643e-04,2.640036800548944095e-04
6.633363363363364330e-04,2.593385505576861001e-04
6.643353353353355101e-04,2.546984464865666110e-04
6.653343343343344788e-04,2.500832551145445179e-04
6.663333333333334475e-04,2.454928643906504064e-04
6.673323323323325246e-04,2.409271629348779843e-04
6.683313313313314933e-04,2.363860400331710561e-04
6.693303303303304620e-04,2.318693856324494475e-04
6.703293293293294307e-04,2.273770903356881639e-04
6.713283283283285078e-04,2.229090453970323008e-04
6.723273273273274765e-04,2.184651427169633452e-04
6.733263263263264452e-04,2.140452748375001987e-04
6.743253253253255223e-04,2.096493349374492878e-04
6.753243243243244910e-04,2.052772168276950605e-04
6.763233233233234597e-04,2.009288149465300296e-04
6.773223223223224284e-04,1.966040243550295119e-04
6.783213213213215055e-04,1.923027407324640710e-04
6.793203203203204742e-04,1.880248603717562758e-04
6.803193193193194429e-04,1.837702801749724259e-04
6.813183183183185200e-04,1.795388976488579967e-04
6.823173173173174887e-04,1.753306109004120069e-04
6.833163163163164574e-04,1.711453186324974100e-04
6.843153153153154261e-04,1.669829201394921689e-04
6.853143143143145032e-04,1.628433153029783872e-04
6.863133133133134719e-04,1.587264045874702001e-04
6.873123123123124406e-04,1.546320890361737037e-04
6.883113113113115177e-04,1.505602702667893037e-04
6.893103103103104864e-04,1.465108504673509539e-04
6.903093093093094551e-04,1.424837323920956442e-04
6.913083083083084238e-04,1.384788193573727600e-04
6.923073073073075009e-04,1.344960152375911176e-04
6.933063063063064696e-04,1.305352244611976853e-04
6.943053053053054383e-04,1.265963520066886686e-04
6.953043043043044069e-04,1.226793033986613060e-04
6.963033033033034841e-04,1.187839847038950071e-04
6.973023023023024528e-04,1.149103025274677268e-04
6.983013013013014214e-04,1.110581640089066140e-04
6.993003003003004986e-04,1.072274768183663883e-04
7.002992992992994672e-04,1.034181491528508010e-04
7.012982982982984359e-04,9.963008973245552214e-05
7.022972972972974046e-04,9.586320779664923180e-05
7.032962962962964817e-04,9.211741310058448712e-05
7.042952952952954504e-04,8.839261591144115541e-05
7.052942942942944191e-04,8.468872700480011028e-05
7.062932932932934962e-04,8.100565766104611987e-05
7.072922922922924649e-04,7.734331966180503655e-05
7.082912912912914336e-04,7.370162528640753603e-05
7.092902902902904023e-04,7.008048730838473193e-05
7.102892892892894794e-04,6.647981899199252186e-05
7.112882882882884481e-04,6.289953408876706347e-05
7.122872872872874168e-04,5.933954683410398116e-05
7.132862862862864939e-04,5.579977194387340550e-05
7.142852852852854626e-04,5.228012461105945480e-05
7.152842842842844313e-04,4.878052050242684190e-05
7.162832832832834000e-04,4.530087575521836050e-05
7.172822822822824771e-04,4.184110697387767407e-05
7.182812812812814458e-04,3.840113122680234033e-05
7.192802802802804145e-04,3.498086604311917723e-05
7.202792792792793832e-04,3.158022940949090123e-05
7.212782782782784603e-04,2.819913976694698746e-05
7.222772772772774290e-04,2.483751600774191610e-05
7.232762762762763977e-04,2.149527747223928709e-05
7.242752752752754748e-04,1.817234394581826952e-05
7.252742742742744435e-04,1.486863565581488941e-05
7.262732732732734122e-04,1.158407326847663284e-05
7.272722722722723809e-04,8.318577885950666155e-06
7.282712712712714580e-04,5.072071043293178637e-06
7.292702702702704267e-04,1.844474705505979068e-06
7.302692692692693954e-04,-1.364288735406185451e-06
7.312682682682684725e-04,-4.554296463352763963e-06
7.322672672672674412e-04,-7.725625241047075301e-06
7.332662662662664099e-04,-1.087835141287927974e-05
7.342652652652653785e-04,-1.401255090775980909e-05
7.352642642642644557e-04,-1.712829924194232424e-05
7.362632632632634243e-04,-2.022567152182289641e-05
7.372622622622623930e-04,-2.330474244671864632e-05
7.382612612612614702e-04,-2.636558631162025897e-05
7.392602602602604388e-04,-2.940827700992298561e-05
7.402592592592594075e-04,-3.243288803613985971e-05
7.412582582582583762e-04,-3.543949248858648980e-05
7.422572572572574533e-04,-3.842816307204916925e-05
7.432562562562564220e-04,-4.139897210042700918e-05
7.442552552552553907e-04,-4.435199149935862493e-05
7.452542542542544678e-04,-4.728729280882252716e-05
7.462532532532534365e-04,-5.020494718571796351e-05
7.472522522522524052e-04,-5.310502540642749142e-05
7.482512512512513739e-04,-5.598759786935567139e-05
7.492502502502504510e-04,-5.885273459745001998e-05
7.502492492492494197e-04,-6.170050524069855765e-05
7.512482482482483884e-04,-6.453097907861240806e-05
7.522472472472474655e-04,-6.734422502268441627e-05
7.532462462462464342e-04,-7.014031161882879333e-05
7.542452452452454029e-04,-7.291930704980356280e-05
7.552442442442443716e-04,-7.568127913761194653e-05
7.562432432432434487e-04,-7.842629534588488544e-05
7.572422422422424174e-04,-8.115442278224526426e-05
7.582412412412413861e-04,-8.386572820065278341e-05
7.592402402402403548e-04,-8.656027800373138862e-05
7.602392392392394319e-04,-8.923813824507683269e-05
7.612382382382384006e-04,-9.189937463154701188e-05
7.622372372372373693e-04,-9.454405252553477895e-05
7.632362362362364464e-04,-9.717223694722220274e-05
7.642352352352354151e-04,-9.978399257681590847e-05
7.652342342342343838e-04,-1.023793837567680117e-04
7.662332332332333525e-04,-1.049584744939776313e-04
7.672322322322324296e-04,-1.075213284619744867e-04
7.682312312312313983e-04,-1.100680090030861901e-04
7.692302302302303670e-04,-1.125985791305907682e-04
7.702292292292294441e-04,-1.151131015308495852e-04
7.712282282282284128e-04,-1.176116385654236247e-04
7.722272272272273815e-04,-1.200942522731758658e-04
7.732262262262263501e-04,-1.225610043723557568e-04
7.742252252252254273e-04,-1.250119562626667751e-04
7.752242242242243959e-04,-1.274471690273197436e-04
7.762232232232233646e-04,-1.298667034350688132e-04
7.772222222222224417e-04,-1.322706199422335406e-04
7.782212212212214104e-04,-1.346589786947022499e-04
7.792202202202203791e-04,-1.370318395299241455e-04
7.802192192192193478e-04,-1.393892619788823979e-04
7.812182182182184249e-04,-1.417313052680550312e-04
7.822172172172173936e-04,-1.440580283213573531e-04
7.832162162162163623e-04,-1.463694897620738673e-04
7.842152152152153310e-04,-1.486657479147714025e-04
7.852142142142144081e-04,-1.509468608072008302e-04
7.862132132132133768e-04,-1.532128861721805679e-04
7.872122122122123455e-04,-1.554638814494706766e-04
7.882112112112114226e-04,-1.576999037876281203e-04
7.892102102102103913e-04,-1.599210100458502897e-04
7.902092092092093600e-04,-1.621272567958047825e-04
7.912082082082083287e-04,-1.643187003234433555e-04
7.922072072072074058e-04,-1.664953966308048980e-04
7.932062062062063745e-04,-1.686574014378013574e-04
7.942052052052053432e-04,-1.708047701839942852e-04
7.952042042042044203e-04,-1.729375580303543075e-04
7.962032032032033890e-04,-1.750558198610090220e-04
7.972022022022023577e-04,-1.771596102849786424e-04
7.982012012012013264e-04,-1.792489836378964921e-04
7.992002002002004035e-04,-1.813239939837181676e-04
8.001991991991993722e-04,-1.833846951164169866e-04
8.011981981981983409e-04,-1.854311405616676457e-04
8.021971971971974180e-04,-1.874633835785167861e-04
8.031961961961963867e-04,-1.894814771610404676e-04
8.041951951951953554e-04,-1.914854740399909907e-04
8.051941941941943241e-04,-1.934754266844294880e-04
8.061931931931934012e-04,-1.954513873033482429e-04
8.071921921921923699e-04,-1.974134078472784533e-04
8.081911911911913386e-04,-1.993615400098895109e-04
8.091901901901904157e-04,-2.012958352295740507e-04
8.101891891891893844e-04,-2.032163446910200170e-04
8.111881881881883530e-04,-2.051231193267756005e-04
8.121871871871873217e-04,-2.070162098187980761e-04
8.131861861861863989e-04,-2.088956665999938840e-04
8.141851851851853675e-04,-2.107615398557459733e-04
8.151841841841843362e-04,-2.126138795254308171e-04
8.161831831831834133e-04,-2.144527353039240984e-04
8.171821821821823820e-04,-2.162781566430952015e-04
8.181811811811813507e-04,-2.180901927532901026e-04
8.191801801801803194e-04,-2.198888926048050442e-04
8.201791791791793965e-04,-2.216743049293480399e-04
8.211781781781783652e-04,-2.234464782214891571e-04
8.221771771771773339e-04,-2.252054607401033737e-04
8.231761761761763026e-04,-2.269513005097988513e-04
8.241751751751753797e-04,-2.286840453223378910e-04
8.251741741741743484e-04,-2.304037427380451494e-04
8.261731731731733171e-04,-2.321104400872085359e-04
8.271721721721723942e-04,-2.338041844714672626e-04
8.281711711711713629e-04,-2.354850227651904347e-04
8.291701701701703316e-04,-2.371530016168476988e-04
8.301691691691693003e-04,-2.388081674503673144e-04
8.311681681681683774e-04,-2.404505664664858232e-04
8.321671671671673461e-04,-2.420802446440873637e-04
8.331661661661663148e-04,-2.436972477415343401e-04
8.341651651651653919e-04,-2.453016212979881698e-04
8.351641641641643606e-04,-2.468934106347188103e-04
8.361631631631633293e-04,-2.484726608564081325e-04
8.371621621621622980e-04,-2.500394168524409347e-04
8.381611611611613751e-04,-2.515937232981891257e-04
8.391601601601603438e-04,-2.531356246562841447e-04
8.401591591591593125e-04,-2.546651651778830921e-04
8.411581581581583896e-04,-2.561823889039240194e-04
8.421571571571573583e-04,-2.576873396663727071e-04
8.431561561561563270e-04,-2.591800610894605525e-04
8.441551551551552957e-04,-2.606605965909142178e-04
8.451541541541543728e-04,-2.621289893831758996e-04
8.461531531531533415e-04,-2.635852824746142743e-04
8.471521521521523101e-04,-2.650295186707296970e-04
8.481511511511512788e-04,-2.664617405753473664e-04
8.491501501501503560e-04,-2.678819905918037128e-04
8.501491491491493246e-04,-2.692903109241252509e-04
8.511481481481482933e-04,-2.706867435781975129e-04
8.521471471471473704e-04,-2.720713303629268792e-04
8.531461461461463391e-04,-2.734441128913934647e-04
8.541451451451453078e-04,-2.748051325819964160e-04
8.551441441441442765e-04,-2.761544306595918358e-04
8.561431431431433536e-04,-2.774920481566204070e-04
8.571421421421423223e-04,-2.788180259142301388e-04
8.581411411411412910e-04,-2.801324045833889203e-04
8.591401401401403681e-04,-2.814352246259912201e-04
8.601391391391393368e-04,-2.827265263159545400e-04
8.611381381381383055e-04,-2.840063497403113148e-04
8.621371371371372742e-04,-2.852747348002906210e-04
8.631361361361363513e-04,-2.865317212123943556e-04
8.641351351351353200e-04,-2.877773485094635496e-04
8.651341341341342887e-04,-2.890116560417406140e-04
8.661331331331333658e-04,-2.902346829779211255e-04
8.671321321321323345e-04,-2.914464683061997554e-04
8.681311311311313032e-04,-2.926470508353092069e-04
8.691301301301302719e-04,-2.938364691955516164e-04
8.701291291291293490e-04,-2.950147618398220946e-04
8.711281281281283177e-04,-2.961819670446270633e-04
8.721271271271272864e-04,-2.973381229110935936e-04
8.731261261261263635e-04,-2.984832673659732686e-04
8.741251251251253322e-04,-2.996174381626382941e-04
8.751241241241243009e-04,-3.007406728820711042e-04
8.761231231231232696e-04,-3.018530089338476784e-04
8.771221221221223467e-04,-3.029544835571131608e-04
8.781211211211213154e-04,-3.040451338215511374e-04
8.791201201201202841e-04,-3.051249966283472743e-04
8.801191191191193612e-04,-3.061941087111448795e-04
8.811181181181183299e-04,-3.072525066369948812e-04
8.821171171171172986e-04,-3.083002268072995169e-04
8.831161161161162673e-04,-3.093373054587485421e-04
8.841151151151153444e-04,-3.103637786642507771e-04
8.851141141141143131e-04,-3.113796823338572505e-04
8.861131131131132817e-04,-3.123850522156802235e-04
8.871121121121122504e-04,-3.133799238968043533e-04
8.881111111111113275e-04,-3.143643328041927608e-04
8.891101101101102962e-04,-3.153383142055862678e-04
8.901091091091092649e-04,-3.163019032103971053e-04
8.911081081081083420e-04,-3.172551347705966575e-04
8.921071071071073107e-04,-3.181980436815960516e-04
8.931061061061062794e-04,-3.191306645831228973e-04
8.941051051051052481e-04,-3.200530319600903835e-04
8.951041041041043252e-04,-3.209651801434614416e-04
8.961031031031032939e-04,-3.218671433111065664e-04
8.971021021021022626e-04,-3.227589554886567034e-04
8.981011011011013397e-04,-3.236406505503496315e-04
8.991001001001003084e-04,-3.245122622198708703e-04
9.000990990990992771e-04,-3.253738240711898165e-04
9.010980980980982458e-04,-3.262253695293889418e-04
9.020970970970973229e-04,-3.270669318714886542e-04
9.030960960960962916e-04,-3.278985442272658161e-04
9.040950950950952603e-04,-3.287202395800677092e-04
9.050940940940943374e-04,-3.295320507676198734e-04
9.060930930930933061e-04,-3.303340104828287422e-04
9.070920920920922748e-04,-3.311261512745795606e-04
9.080910910910912435e-04,-3.319085055485280697e-04
9.090900900900903206e-04,-3.326811055678879632e-04
9.100890890890892893e-04,-3.334439834542121087e-04
9.110880880880882580e-04,-3.341971711881695415e-04
9.120870870870872267e-04,-3.349407006103173622e-04
9.130860860860863038e-04,-3.356746034218664547e-04
9.140850850850852725e-04,-3.363989111854432464e-04
9.150840840840842412e-04,-3.371136553258465896e-04
9.160830830830833183e-04,-3.378188671307986264e-04
9.170820820820822870e-04,-3.385145777516917489e-04
9.180810810810812557e-04,-3.392008182043305194e-04
9.190800800800802244e-04,-3.398776193696678976e-04
9.200790790790793015e-04,-3.405450119945382156e-04
9.210780780780782702e-04,-3.412030266923833763e-04
9.220770770770772388e-04,-3.418516939439768297e-04
9.230760760760763160e-04,-3.424910440981402304e-04
9.240750750750752847e-04,-3.431211073724574389e-04
9.250740740740742533e-04,-3.437419138539828849e-04
9.260730730730732220e-04,-3.443534934999457572e-04
9.270720720720722991e-04,-3.449558761384491508e-04
9.280710710710712678e-04,-3.455490914691653663e-04
9.290700700700702365e-04,-3.461331690640264921e-04
9.300690690690693136e-04,-3.467081383679099455e-04
9.310680680680682823e-04,-3.472740286993205986e-04
9.320670670670672510e-04,-3.478308692510677542e-04
9.330660660660662197e-04,-3.483786890909380558e-04
9.340650650650652968e-04,-3.489175171623641689e-04
9.350640640640642655e-04,-3.494473822850890725e-04
9.360630630630632342e-04,-3.499683131558258497e-04
9.370620620620623113e-04,-3.504803383489137926e-04
9.380610610610612800e-04,-3.509834863169696830e-04
9.390600600600602487e-04,-3.514777853915356572e-04
9.400590590590592174e-04,-3.519632637837223003e-04
9.410580580580582945e-04,-3.524399495848478921e-04
9.420570570570572632e-04,-3.529078707670733699e-04
9.430560560560562319e-04,-3.533670551840341475e-04
9.440550550550553090e-04,-3.538175305714664045e-04
9.450540540540542777e-04,-3.542593245478305565e-04
9.460530530530532464e-04,-3.546924646149308231e-04
9.470520520520522151e-04,-3.551169781585298614e-04
9.480510510510512922e-04,-3.555328924489605815e-04
9.490500500500502609e-04,-3.559402346417334627e-04
9.500490490490492296e-04,-3.563390317781403994e-04
9.510480480480481983e-04,-3.567293107858545364e-04
9.520470470470472754e-04,-3.571110984795265253e-04
9.530460460460462441e-04,-3.574844215613761202e-04
9.540450450450452128e-04,-3.578493066217822540e-04
9.550440440440442899e-04,-3.582057801398665564e-04
9.560430430430432586e-04,-3.585538684840752994e-04
9.570420420420422273e-04,-3.588935979127571684e-04
9.580410410410411959e-04,-3.592249945747371851e-04
9.590400400400402731e-04,-3.595480845098863467e-04
9.600390390390392418e-04,-3.598628936496901820e-04
9.610380380380382104e-04,-3.601694478178103136e-04
9.620370370370372876e-04,-3.604677727306454245e-04
9.630360360360362562e-04,-3.607578939978870738e-04
9.640350350350352249e-04,-3.610398371230729114e-04
9.650340340340341936e-04,-3.613136275041359887e-04
9.660330330330332707e-04,-3.615792904339506543e-04
9.670320320320322394e-04,-3.618368511008755229e-04
9.680310310310312081e-04,-3.620863345892922692e-04
9.690300300300302852e-04,-3.623277658801422538e-04
9.700290290290292539e-04,-3.625611698514586497e-04
9.710280280280282226e-04,-3.627865712788960750e-04
9.720270270270271913e-04,-3.630039948362565939e-04
9.730260260260262684e-04,-3.632134650960125726e-04
9.740250250250252371e-04,-3.634150065298262294e-04
9.750240240240242058e-04,-3.636086435090662571e-04
9.760230230230231745e-04,-3.637944003053210297e-04
9.770220220220221432e-04,-3.639723010909087743e-04
9.780210210210212203e-04,-3.641423699393844349e-04
9.790200200200200806e-04,-3.643046308260435560e-04
9.800190190190191577e-04,-3.644591076284232380e-04
9.810180180180180180e-04,-3.646058241268000026e-04
9.820170170170170951e-04,-3.647448040046839726e-04
9.830160160160161722e-04,-3.648760708493113160e-04
9.840150150150150325e-04,-3.649996481521321917e-04
9.850140140140141096e-04,-3.651155593092971765e-04
9.860130130130131867e-04,-3.652238276221394099e-04
9.870120120120120469e-04,-3.653244762976550039e-04
9.880110110110111241e-04,-3.654175284489796045e-04
9.890100100100102012e-04,-3.655030070958624586e-04
9.900090090090090614e-04,-3.655809351651376085e-04
9.910080080080081386e-04,-3.656513354911925927e-04
9.920070070070072157e-04,-3.657142308164332972e-04
9.930060060060060759e-04,-3.657696437917469642e-04
9.940050050050051531e-04,-3.658175969769623817e-04
9.950040040040040133e-04,-3.658581128413062786e-04
9.960030030030030904e-04,-3.658912137638584724e-04
9.970020020020021675e-04,-3.659169220340030061e-04
9.980010010010010278e-04,-3.659352598518770617e-04
9.990000000000001049e-04,-3.659462493288177061e-04
