Time,PU
56136.19,14.23
56137.79,14.01
56139.39,13.83
56140.99,13.73
56142.59,13.75
56144.19,13.86
56145.79,14.04
56147.39,14.24
56148.99,14.41
56150.58,14.51
56152.18,14.51
56153.79,14.41
56155.39,14.26
56156.99,14.08
56158.58,13.96
56160.18,13.95
56161.79,14.11
56163.39,14.45
56164.99,14.98
56166.58,15.68
56168.18,16.50
56169.78,17.38
56171.38,18.27
56172.98,19.10
56174.58,19.86
56176.18,20.52
56177.78,21.09
56179.38,21.60
56180.98,22.07
56182.58,22.55
56184.18,23.08
56185.78,23.66
56187.38,24.33
56188.98,25.08
56190.58,25.90
56192.18,26.74
56193.78,27.58
56195.38,28.34
56196.98,28.98
56198.58,29.44
56200.18,29.68
56201.78,29.68
56203.38,29.46
56204.98,29.06
56206.58,28.55
56208.18,28.02
56209.78,27.59
56211.38,27.34
56212.98,27.34
56214.58,27.62
56216.18,28.15
56217.78,28.85
56219.38,29.61
56220.98,30.29
56222.58,30.76
56224.18,30.94
56225.78,30.78
56227.38,30.31
56228.98,29.62
56230.58,28.86
56232.18,28.16
56233.78,27.66
56235.38,27.44
56236.98,27.51
56238.58,27.82
56240.18,28.22
56241.78,28.57
56243.38,28.70
56244.98,28.50
56246.58,27.90
56248.18,26.93
56249.78,25.69
56251.38,24.32
56252.98,23.01
56254.58,21.89
56256.18,21.08
56257.78,20.63
56259.38,20.51
56260.98,20.61
56262.58,20.83
56264.18,21.02
56265.78,21.08
56267.38,20.95
56268.98,20.62
56270.58,20.13
56272.18,19.57
56273.78,19.04
56275.38,18.63
56276.98,18.41
56278.58,18.41
56280.18,18.59
56281.78,18.92
56283.38,19.32
56284.98,19.70
56286.58,20.00
56288.18,20.16
56289.78,20.18
56291.38,20.06
56292.98,19.85
56294.58,19.57
56296.18,19.29
56297.78,19.03
56299.38,18.82
56300.98,18.65
56302.58,18.52
56304.18,18.40
56305.78,18.28
56307.38,18.12
56308.98,17.94
56310.58,17.73
56312.18,17.52
56313.78,17.34
56315.38,17.22
56316.98,17.18
56318.58,17.24
56320.18,17.39
56321.78,17.61
56323.38,17.86
56324.98,18.11
56326.58,18.31
56328.18,18.42
56329.78,18.43
56331.38,18.33
56332.98,18.16
56334.58,17.94
56336.18,17.72
56337.78,17.56
56339.38,17.48
56340.98,17.50
56342.58,17.61
56344.18,17.79
56345.78,17.98
56347.38,18.14
56348.98,18.23
56350.58,18.20
56352.18,18.05
56353.78,17.81
56355.38,17.50
56356.98,17.18
56358.58,16.91
56360.18,16.71
56361.78,16.60
56363.38,16.59
56364.97,16.63
56366.57,16.68
56368.18,16.69
56369.78,16.60
56371.38,16.39
56372.97,16.07
56374.57,15.67
56376.18,15.25
56377.78,14.88
56379.38,14.64
56380.97,14.57
56382.57,14.71
56384.17,15.04
56385.77,15.54
56387.37,16.13
56388.97,16.73
56390.57,17.25
56392.17,17.62
56393.77,17.78
56395.37,17.73
56396.97,17.49
56398.57,17.10
56400.17,16.64
56401.77,16.20
56403.37,15.84
56404.97,15.63
56406.57,15.61
56408.17,15.77
56409.77,16.08
56411.37,16.50
56412.97,16.95
56414.57,17.37
56416.17,17.69
56417.77,17.88
56419.37,17.91
56420.97,17.80
56422.57,17.56
56424.17,17.24
56425.77,16.88
56427.37,16.52
56428.97,16.19
56430.57,15.92
56432.17,15.71
56433.77,15.58
56435.37,15.54
56436.97,15.57
56438.57,15.70
56440.17,15.91
56441.77,16.20
56443.37,16.56
56444.97,16.95
56446.57,17.34
56448.17,17.68
56449.77,17.93
56451.37,18.03
56452.97,17.98
56454.57,17.77
56456.17,17.43
56457.77,17.01
56459.37,16.58
56460.97,16.20
56462.57,15.94
56464.17,15.84
56465.77,15.90
56467.37,16.12
56468.97,16.45
56470.57,16.82
56472.17,17.16
56473.77,17.43
56475.37,17.56
56476.97,17.56
56478.57,17.42
56480.17,17.19
56481.77,16.91
56483.37,16.63
56484.97,16.40
56486.57,16.25
56488.17,16.18
56489.77,16.18
56491.37,16.23
56492.97,16.29
56494.57,16.33
56496.17,16.32
56497.77,16.25
56499.37,16.13
56500.97,15.98
56502.57,15.82
56504.17,15.69
56505.77,15.61
56507.37,15.59
56508.97,15.63
56510.57,15.74
56512.17,15.89
56513.77,16.07
56515.37,16.27
56516.97,16.50
56518.57,16.75
56520.17,17.02
56521.77,17.31
56523.37,17.62
56524.97,17.93
56526.57,18.20
56528.17,18.39
56529.77,18.47
56531.37,18.41
56532.97,18.21
56534.57,17.88
56536.17,17.45
56537.77,16.99
56539.37,16.55
56540.97,16.18
56542.57,15.94
56544.17,15.83
56545.77,15.84
56547.37,15.94
56548.97,16.07
56550.57,16.17
56552.17,16.20
56553.77,16.13
56555.37,15.96
56556.97,15.71
56558.57,15.44
56560.17,15.18
56561.77,15.00
56563.37,14.93
56564.97,14.98
56566.57,15.15
56568.17,15.41
56569.77,15.71
56571.36,16.01
56572.96,16.26
56574.57,16.45
56576.17,16.57
56577.76,16.61
56579.36,16.61
56580.96,16.59
56582.57,16.56
56584.17,16.55
56585.76,16.56
56587.36,16.59
56588.96,16.61
56590.57,16.62
56592.16,16.60
56593.76,16.54
56595.36,16.44
56596.96,16.30
56598.56,16.16
56600.16,16.02
56601.76,15.90
56603.36,15.82
56604.96,15.78
56606.56,15.80
56608.16,15.85
56609.76,15.94
56611.36,16.04
56612.96,16.15
56614.56,16.25
56616.16,16.34
56617.76,16.42
56619.36,16.50
56620.96,16.57
56622.56,16.64
56624.16,16.73
56625.76,16.83
56627.36,16.93
56628.96,17.02
56630.56,17.08
56632.16,17.10
56633.76,17.07
56635.36,16.99
56636.96,16.85
56638.56,16.67
56640.16,16.47
56641.76,16.29
56643.36,16.13
56644.96,16.01
56646.56,15.94
56648.16,15.91
56649.76,15.90
56651.36,15.91
56652.96,15.92
56654.56,15.93
56656.16,15.94
56657.76,15.96
56659.36,16.03
56660.96,16.17
56662.56,16.37
56664.16,16.63
56665.76,16.92
56667.36,17.20
56668.96,17.41
56670.56,17.49
56672.16,17.42
56673.76,17.17
56675.36,16.79
56676.96,16.33
56678.56,15.87
56680.16,15.53
56681.76,15.39
56683.36,15.52
56684.96,15.92
56686.56,16.59
56688.16,17.44
56689.76,18.39
56691.36,19.31
56692.96,20.10
56694.56,20.68
56696.16,21.01
56697.76,21.10
56699.36,20.99
56700.96,20.75
56702.56,20.47
56704.16,20.23
56705.76,20.08
56707.36,20.04
56708.96,20.12
56710.56,20.27
56712.16,20.43
56713.76,20.53
56715.36,20.50
56716.96,20.30
56718.56,19.93
56720.16,19.39
56721.76,18.73
56723.36,18.01
56724.96,17.32
56726.56,16.71
56728.16,16.26
56729.76,15.99
56731.36,15.92
56732.96,16.02
56734.56,16.28
56736.16,16.62
56737.76,17.00
56739.36,17.36
56740.96,17.66
56742.56,17.85
56744.16,17.92
56745.76,17.87
56747.36,17.71
56748.96,17.46
56750.56,17.17
56752.16,16.87
56753.76,16.60
56755.36,16.39
56756.96,16.28
56758.56,16.26
56760.16,16.34
56761.76,16.48
56763.36,16.66
56764.96,16.83
56766.56,16.94
56768.16,16.96
56769.76,16.88
56771.36,16.68
56772.96,16.41
56774.56,16.12
56776.16,15.85
56777.76,15.67
56779.36,15.63
56780.96,15.75
56782.56,16.02
56784.15,16.40
56785.75,16.83
56787.36,17.22
56788.96,17.49
56790.56,17.58
56792.15,17.46
56793.75,17.14
56795.36,16.68
56796.96,16.16
56798.56,15.69
56800.15,15.36
56801.75,15.26
56803.36,15.41
56804.95,15.80
56806.55,16.36
56808.15,17.00
56809.75,17.59
56811.35,18.03
56812.95,18.25
56814.55,18.20
56816.15,17.92
56817.75,17.46
56819.35,16.94
56820.95,16.46
56822.55,16.11
56824.15,15.97
56825.75,16.05
56827.35,16.33
56828.95,16.73
56830.55,17.19
56832.15,17.62
56833.75,17.93
56835.35,18.10
56836.95,18.10
56838.55,17.98
56840.15,17.78
56841.75,17.56
56843.35,17.38
56844.95,17.27
56846.55,17.25
56848.15,17.31
56849.75,17.43
56851.35,17.55
56852.95,17.64
56854.55,17.67
56856.15,17.61
56857.75,17.47
56859.35,17.26
56860.95,17.02
56862.55,16.77
56864.15,16.55
56865.75,16.39
56867.35,16.31
56868.95,16.31
56870.55,16.39
56872.15,16.54
56873.75,16.72
56875.35,16.92
56876.95,17.11
56878.55,17.27
56880.15,17.38
56881.75,17.42
56883.35,17.39
56884.95,17.29
56886.55,17.12
56888.15,16.90
56889.75,16.65
56891.35,16.39
56892.95,16.16
56894.55,15.99
56896.15,15.90
56897.75,15.91
56899.35,16.02
56900.95,16.22
56902.55,16.47
56904.15,16.74
56905.75,16.95
56907.35,17.08
56908.95,17.08
56910.55,16.93
56912.15,16.66
56913.75,16.30
56915.35,15.92
56916.95,15.57
56918.55,15.34
56920.15,15.27
56921.75,15.40
56923.35,15.71
56924.95,16.16
56926.55,16.69
56928.15,17.23
56929.75,17.69
56931.35,18.02
56932.95,18.16
56934.55,18.13
56936.15,17.94
56937.75,17.63
56939.35,17.27
56940.95,16.90
56942.55,16.58
56944.15,16.31
56945.75,16.11
56947.35,15.96
56948.95,15.84
56950.55,15.73
56952.15,15.60
56953.75,15.45
56955.35,15.31
56956.95,15.19
56958.55,15.13
56960.15,15.15
56961.75,15.26
56963.35,15.47
56964.95,15.74
56966.55,16.04
56968.15,16.31
56969.75,16.51
56971.35,16.61
56972.95,16.58
56974.55,16.45
56976.15,16.24
56977.75,16.02
56979.35,15.83
56980.95,15.73
56982.55,15.75
56984.15,15.89
56985.75,16.13
56987.35,16.42
56988.95,16.69
56990.55,16.88
56992.15,16.93
56993.75,16.82
56995.35,16.55
56996.94,16.16
56998.54,15.72
57000.14,15.31
57001.75,15.01
57003.35,14.86
57004.94,14.90
57006.54,15.10
57008.14,15.41
57009.75,15.77
57011.35,16.09
57012.94,16.30
57014.54,16.38
57016.14,16.32
57017.74,16.16
57019.34,15.97
57020.94,15.83
57022.54,15.82
57024.14,15.99
57025.74,16.35
57027.34,16.85
57028.94,17.44
57030.54,17.99
57032.14,18.42
57033.74,18.63
57035.34,18.57
57036.94,18.26
57038.54,17.76
57040.14,17.17
57041.74,16.61
57043.34,16.22
57044.94,16.08
57046.54,16.25
57048.14,16.69
57049.74,17.34
57051.34,18.08
57052.94,18.77
57054.54,19.26
57056.14,19.48
57057.74,19.37
57059.34,18.94
57060.94,18.27
57062.54,17.48
57064.14,16.69
57065.74,16.03
57067.34,15.58
57068.94,15.39
57070.54,15.46
57072.14,15.73
57073.74,16.11
57075.34,16.53
57076.94,16.88
57078.54,17.10
57080.14,17.17
57081.74,17.07
57083.34,16.84
57084.94,16.54
57086.54,16.22
57088.14,15.93
57089.74,15.72
57091.34,15.60
57092.94,15.57
57094.54,15.61
57096.14,15.69
57097.74,15.76
57099.34,15.82
57100.94,15.85
57102.54,15.84
57104.14,15.82
57105.74,15.81
57107.34,15.82
57108.94,15.89
57110.54,16.01
57112.14,16.18
57113.74,16.37
57115.34,16.57
57116.94,16.73
57118.54,16.82
57120.14,16.83
57121.74,16.75
57123.34,16.59
57124.94,16.39
57126.54,16.16
57128.14,15.96
57129.74,15.80
57131.34,15.72
57132.94,15.71
57134.54,15.76
57136.14,15.85
57137.74,15.95
57139.34,16.02
57140.94,16.04
57142.54,16.00
57144.14,15.88
57145.74,15.70
57147.34,15.48
57148.94,15.25
57150.54,15.05
57152.14,14.91
57153.74,14.85
57155.34,14.89
57156.94,15.03
57158.54,15.26
57160.14,15.55
57161.74,15.88
57163.34,16.20
57164.94,16.48
57166.54,16.69
57168.14,16.80
57169.74,16.80
57171.34,16.71
57172.94,16.54
57174.54,16.33
57176.14,16.12
57177.74,15.97
57179.34,15.90
57180.94,15.94
57182.54,16.10
57184.14,16.36
57185.74,16.70
57187.34,17.06
57188.94,17.41
57190.54,17.70
57192.14,17.91
57193.74,18.01
57195.34,18.03
57196.94,17.99
57198.54,17.91
57200.14,17.84
57201.74,17.81
57203.34,17.83
57204.94,17.92
57206.54,18.05
57208.14,18.20
57209.74,18.33
57211.33,18.40
57212.93,18.38
57214.54,18.26
57216.14,18.01
57217.74,17.67
57219.33,17.26
57220.93,16.80
57222.54,16.36
57224.14,15.97
57225.74,15.65
57227.33,15.44
57228.93,15.34
57230.53,15.34
57232.13,15.42
57233.73,15.54
57235.33,15.68
57236.93,15.82
57238.53,15.92
57240.13,15.99
57241.73,16.01
57243.33,16.00
57244.93,15.96
57246.53,15.93
57248.13,15.89
57249.73,15.87
57251.33,15.87
57252.93,15.87
57254.53,15.87
57256.13,15.85
57257.73,15.81
57259.33,15.73
57260.93,15.62
57262.53,15.49
57264.13,15.35
57265.73,15.22
57267.33,15.13
57268.93,15.08
57270.53,15.10
57272.13,15.18
57273.73,15.31
57275.33,15.49
57276.93,15.68
57278.53,15.87
57280.13,16.02
57281.73,16.14
57283.33,16.19
57284.93,16.18
57286.53,16.12
57288.13,16.01
57289.73,15.87
57291.33,15.71
57292.93,15.55
57294.53,15.41
57296.13,15.30
57297.73,15.23
57299.33,15.20
57300.93,15.22
57302.53,15.29
57304.13,15.41
57305.73,15.56
57307.33,15.73
57308.93,15.91
57310.53,16.09
57312.13,16.24
57313.73,16.34
57315.33,16.40
57316.93,16.41
57318.53,16.35
57320.13,16.25
57321.73,16.12
57323.33,15.98
57324.93,15.86
57326.53,15.78
57328.13,15.76
57329.73,15.82
57331.33,15.96
57332.93,16.17
57334.53,16.42
57336.13,16.69
57337.73,16.94
57339.33,17.12
57340.93,17.22
57342.53,17.21
57344.13,17.10
57345.73,16.90
57347.33,16.64
57348.93,16.37
57350.53,16.12
57352.13,15.93
57353.73,15.82
57355.33,15.79
57356.93,15.85
57358.53,15.96
57360.13,16.09
57361.73,16.21
57363.33,16.29
57364.93,16.31
57366.53,16.27
57368.13,16.18
57369.73,16.05
57371.33,15.91
57372.93,15.79
57374.53,15.72
57376.13,15.71
57377.73,15.76
57379.33,15.86
57380.93,16.00
57382.53,16.15
57384.13,16.27
57385.73,16.35
57387.33,16.35
57388.93,16.29
57390.53,16.15
57392.13,15.96
57393.73,15.74
57395.33,15.53
57396.93,15.36
57398.53,15.26
57400.13,15.26
57401.73,15.35
57403.33,15.54
57404.93,15.79
57406.53,16.08
57408.13,16.37
57409.73,16.61
57411.33,16.79
57412.93,16.87
57414.53,16.86
57416.13,16.75
57417.73,16.57
57419.32,16.35
57420.93,16.13
57422.53,15.95
57424.12,15.83
57425.72,15.80
57427.32,15.88
57428.93,16.04
57430.53,16.30
57432.12,16.62
57433.72,16.98
57435.32,17.37
57436.93,17.77
57438.53,18.18
57440.12,18.57
57441.72,18.96
57443.32,19.35
57444.92,19.74
57446.52,20.13
57448.12,20.53
57449.72,20.93
57451.32,21.33
57452.92,21.72
57454.52,22.11
57456.12,22.49
57457.72,22.85
57459.32,23.18
57460.92,23.48
57462.52,23.75
57464.12,23.98
57465.72,24.18
57467.32,24.36
57468.92,24.54
57470.52,24.75
57472.12,24.99
57473.72,25.28
57475.32,25.64
57476.92,26.04
57478.52,26.46
57480.12,26.87
57481.72,27.22
57483.32,27.48
57484.92,27.62
57486.52,27.64
57488.12,27.55
57489.72,27.40
57491.32,27.23
57492.92,27.11
57494.52,27.07
57496.12,27.15
57497.72,27.34
57499.32,27.58
57500.92,27.81
57502.52,27.96
57504.12,27.94
57505.72,27.73
57507.32,27.31
57508.92,26.74
57510.52,26.10
57512.12,25.53
57513.72,25.17
57515.32,25.14
57516.92,25.54
57518.52,26.39
57520.12,27.64
57521.72,29.18
57523.32,30.83
57524.92,32.40
57526.52,33.69
57528.12,34.56
57529.72,34.92
57531.32,34.79
57532.92,34.23
57534.52,33.42
57536.12,32.55
57537.72,31.82
57539.32,31.40
57540.92,31.39
57542.52,31.82
57544.12,32.63
57545.72,33.67
57547.32,34.77
57548.92,35.74
57550.52,36.43
57552.12,36.72
57553.72,36.58
57555.32,36.06
57556.92,35.27
57558.52,34.35
57560.12,33.45
57561.72,32.73
57563.32,32.28
57564.92,32.13
57566.52,32.30
57568.12,32.72
57569.72,33.32
57571.32,34.03
57572.92,34.78
57574.52,35.53
57576.12,36.25
57577.72,36.95
57579.32,37.62
57580.92,38.27
57582.52,38.88
57584.12,39.41
57585.72,39.83
57587.32,40.08
57588.92,40.15
57590.52,40.04
57592.12,39.77
57593.72,39.41
57595.32,39.08
57596.92,38.86
57598.52,38.85
57600.12,39.12
57601.72,39.69
57603.32,40.52
57604.92,41.56
57606.52,42.69
57608.12,43.83
57609.72,44.87
57611.32,45.77
57612.92,46.49
57614.52,47.06
57616.12,47.50
57617.72,47.85
57619.32,48.17
57620.92,48.45
57622.52,48.70
57624.12,48.88
57625.72,48.97
57627.32,48.93
57628.92,48.76
57630.51,48.48
57632.11,48.16
57633.71,47.89
57635.32,47.75
57636.92,47.84
57638.51,48.20
57640.11,48.83
57641.71,49.69
57643.32,50.65
57644.92,51.58
57646.51,52.30
57648.11,52.68
57649.71,52.60
57651.31,52.03
57652.91,51.02
57654.51,49.67
57656.11,48.20
57657.71,46.82
57659.31,45.77
57660.91,45.24
57662.51,45.35
57664.11,46.10
57665.71,47.39
57667.31,49.01
57668.91,50.68
57670.51,52.08
57672.11,52.92
57673.71,52.97
57675.31,52.15
57676.91,50.51
57678.51,48.24
57680.11,45.67
57681.71,43.17
57683.31,41.13
57684.91,39.87
57686.51,39.58
57688.11,40.30
57689.71,41.92
57691.31,44.16
57692.91,46.69
57694.51,49.14
57696.11,51.15
57697.71,52.52
57699.31,53.12
57700.91,52.99
57702.51,52.29
57704.11,51.24
57705.71,50.11
57707.31,49.14
57708.91,48.48
57710.51,48.23
57712.11,48.38
57713.71,48.83
57715.31,49.46
57716.91,50.13
57718.51,50.70
57720.11,51.12
57721.71,51.35
57723.31,51.44
57724.91,51.45
57726.51,51.50
57728.11,51.68
57729.71,52.06
57731.31,52.68
57732.91,53.55
57734.51,54.63
57736.11,55.84
57737.71,57.11
57739.31,58.35
57740.91,59.49
57742.51,60.45
57744.11,61.20
57745.71,61.74
57747.31,62.06
57748.91,62.20
57750.51,62.19
57752.11,62.07
57753.71,61.88
57755.31,61.64
57756.91,61.37
57758.51,61.07
57760.11,60.75
57761.71,60.38
57763.31,59.98
57764.91,59.53
57766.51,59.06
57768.11,58.60
57769.71,58.20
57771.31,57.93
57772.91,57.84
57774.51,57.99
57776.11,58.41
57777.71,59.08
57779.31,60.00
57780.91,61.07
57782.51,62.23
57784.11,63.37
57785.71,64.38
57787.31,65.19
57788.91,65.73
57790.51,65.97
57792.11,65.92
57793.71,65.60
57795.31,65.05
57796.91,64.32
57798.51,63.47
57800.11,62.54
57801.71,61.55
57803.31,60.54
57804.91,59.52
57806.51,58.51
57808.11,57.51
57809.71,56.54
57811.31,55.63
57812.91,54.81
57814.51,54.10
57816.11,53.56
57817.71,53.20
57819.31,53.07
57820.91,53.19
57822.51,53.56
57824.11,54.17
57825.71,55.00
57827.31,55.99
57828.91,57.07
57830.51,58.14
57832.11,59.13
57833.71,59.96
57835.31,60.58
57836.91,60.97
57838.51,61.17
57840.11,61.24
57841.71,61.26
57843.31,61.36
57844.90,61.60
57846.50,62.07
57848.11,62.77
57849.71,63.65
57851.31,64.61
57852.90,65.54
57854.50,66.27
57856.11,66.67
57857.71,66.65
57859.31,66.16
57860.90,65.25
57862.50,63.99
57864.10,62.51
57865.70,60.99
57867.30,59.57
57868.90,58.37
57870.50,57.48
57872.10,56.92
57873.70,56.67
57875.30,56.65
57876.90,56.77
57878.50,56.94
57880.10,57.06
57881.70,57.08
57883.30,56.94
57884.90,56.65
57886.50,56.22
57888.10,55.69
57889.70,55.10
57891.30,54.51
57892.90,53.96
57894.50,53.48
57896.10,53.10
57897.70,52.82
57899.30,52.64
57900.90,52.52
57902.50,52.43
57904.10,52.35
57905.70,52.23
57907.30,52.06
57908.90,51.86
57910.50,51.64
57912.10,51.44
57913.70,51.31
57915.30,51.29
57916.90,51.39
57918.50,51.60
57920.10,51.88
57921.70,52.14
57923.30,52.29
57924.90,52.23
57926.50,51.89
57928.10,51.23
57929.70,50.29
57931.30,49.12
57932.90,47.86
57934.50,46.65
57936.10,45.66
57937.70,45.01
57939.30,44.77
57940.90,44.98
57942.50,45.56
57944.10,46.41
57945.70,47.38
57947.30,48.29
57948.90,48.98
57950.50,49.33
57952.10,49.27
57953.70,48.81
57955.30,48.01
57956.90,46.98
57958.50,45.85
57960.10,44.78
57961.70,43.89
57963.30,43.27
57964.90,42.96
57966.50,42.93
57968.10,43.13
57969.70,43.45
57971.30,43.78
57972.90,44.04
57974.50,44.14
57976.10,44.05
57977.70,43.80
57979.30,43.42
57980.90,43.01
57982.50,42.62
57984.10,42.34
57985.70,42.18
57987.30,42.14
57988.90,42.18
57990.50,42.24
57992.10,42.22
57993.70,42.08
57995.30,41.76
57996.90,41.27
57998.50,40.65
58000.10,39.96
58001.70,39.31
58003.30,38.78
58004.90,38.43
58006.50,38.30
58008.10,38.37
58009.70,38.59
58011.30,38.89
58012.90,39.20
58014.50,39.42
58016.10,39.53
58017.70,39.51
58019.30,39.39
58020.90,39.21
58022.50,39.04
58024.10,38.93
58025.70,38.91
58027.30,38.99
58028.90,39.15
58030.50,39.33
58032.10,39.45
58033.70,39.47
58035.30,39.33
58036.90,39.02
58038.50,38.54
58040.10,37.95
58041.70,37.32
58043.30,36.74
58044.90,36.28
58046.50,36.00
58048.10,35.96
58049.70,36.14
58051.30,36.53
58052.90,37.05
58054.50,37.64
58056.10,38.22
58057.69,38.71
58059.29,39.05
58060.89,39.21
58062.50,39.18
58064.10,38.96
58065.69,38.60
58067.29,38.14
58068.89,37.64
58070.50,37.17
58072.10,36.78
58073.69,36.53
58075.29,36.43
58076.89,36.53
58078.49,36.81
58080.09,37.27
58081.69,37.88
58083.29,38.59
58084.89,39.36
58086.49,40.11
58088.09,40.78
58089.69,41.33
58091.29,41.72
58092.89,41.93
58094.49,41.97
58096.09,41.87
58097.69,41.70
58099.29,41.52
58100.89,41.38
58102.49,41.34
58104.09,41.40
58105.69,41.54
58107.29,41.73
58108.89,41.89
58110.49,41.93
58112.09,41.78
58113.69,41.38
58115.29,40.73
58116.89,39.84
58118.49,38.80
58120.09,37.71
58121.69,36.70
58123.29,35.86
58124.89,35.30
58126.49,35.05
58128.09,35.10
58129.69,35.40
58131.29,35.84
58132.89,36.33
58134.49,36.73
58136.09,36.96
58137.69,36.97
58139.29,36.76
58140.89,36.35
58142.49,35.82
58144.09,35.26
58145.69,34.77
58147.29,34.42
58148.89,34.26
58150.49,34.29
58152.09,34.49
58153.69,34.79
58155.29,35.09
58156.89,35.32
58158.49,35.38
58160.09,35.23
58161.69,34.86
58163.29,34.29
58164.89,33.59
58166.49,32.87
58168.09,32.26
58169.69,31.86
58171.29,31.78
58172.89,32.05
58174.49,32.70
58176.09,33.65
58177.69,34.83
58179.29,36.09
58180.89,37.31
58182.49,38.35
58184.09,39.14
58185.69,39.64
58187.29,39.86
58188.89,39.85
58190.49,39.72
58192.09,39.54
58193.69,39.42
58195.29,39.40
58196.89,39.49
58198.49,39.69
58200.09,39.92
58201.69,40.14
58203.29,40.28
58204.89,40.32
58206.49,40.27
58208.09,40.17
58209.69,40.09
58211.29,40.12
58212.89,40.33
58214.49,40.76
58216.09,41.40
58217.69,42.20
58219.29,43.03
58220.89,43.77
58222.49,44.28
58224.09,44.44
58225.69,44.22
58227.29,43.60
58228.89,42.68
58230.49,41.60
58232.09,40.51
58233.69,39.60
58235.29,39.00
58236.89,38.78
58238.49,38.96
58240.09,39.48
58241.69,40.22
58243.29,41.02
58244.89,41.71
58246.49,42.16
58248.09,42.27
58249.69,42.00
58251.29,41.38
58252.89,40.49
58254.49,39.44
58256.09,38.36
58257.69,37.39
58259.29,36.62
58260.89,36.12
58262.49,35.94
58264.09,36.05
58265.68,36.41
58267.29,36.95
58268.89,37.58
58270.49,38.21
58272.08,38.76
58273.68,39.15
58275.29,39.35
58276.89,39.33
58278.49,39.11
58280.08,38.74
58281.68,38.27
58283.29,37.81
58284.89,37.44
58286.49,37.25
58288.08,37.31
58289.68,37.64
58291.28,38.26
58292.88,39.10
58294.48,40.09
58296.08,41.09
58297.68,41.97
58299.28,42.60
58300.88,42.89
58302.48,42.75
58304.08,42.20
58305.68,41.28
58307.28,40.12
58308.88,38.86
58310.48,37.68
58312.08,36.77
58313.68,36.27
58315.28,36.26
58316.88,36.77
58318.48,37.75
58320.08,39.06
58321.68,40.53
58323.28,41.99
58324.88,43.24
58326.48,44.14
58328.08,44.61
58329.68,44.65
58331.28,44.30
58332.88,43.68
58334.48,42.93
58336.08,42.19
58337.68,41.57
58339.28,41.14
58340.88,40.93
58342.48,40.91
58344.08,41.03
58345.68,41.20
58347.28,41.34
58348.88,41.39
58350.48,41.30
58352.08,41.09
58353.68,40.76
58355.28,40.36
58356.88,39.94
58358.48,39.57
58360.08,39.28
58361.68,39.10
58363.28,39.03
58364.88,39.08
58366.48,39.21
58368.08,39.40
58369.68,39.59
58371.28,39.77
58372.88,39.89
58374.48,39.92
58376.08,39.85
58377.68,39.68
58379.28,39.41
58380.88,39.06
58382.48,38.66
58384.08,38.24
58385.68,37.83
58387.28,37.47
58388.88,37.18
58390.48,36.96
58392.08,36.81
58393.68,36.70
58395.28,36.61
58396.88,36.50
58398.48,36.36
58400.08,36.16
58401.68,35.91
58403.28,35.64
58404.88,35.38
58406.48,35.20
58408.08,35.12
58409.68,35.17
58411.28,35.37
58412.88,35.70
58414.48,36.09
58416.08,36.50
58417.68,36.85
58419.28,37.07
58420.88,37.14
58422.48,37.03
58424.08,36.77
58425.68,36.42
58427.28,36.05
58428.88,35.72
58430.48,35.52
58432.08,35.47
58433.68,35.59
58435.28,35.86
58436.88,36.23
58438.48,36.63
58440.08,37.01
58441.68,37.31
58443.28,37.51
58444.88,37.61
58446.48,37.66
58448.08,37.69
58449.68,37.76
58451.28,37.93
58452.88,38.22
58454.48,38.64
58456.08,39.13
58457.68,39.66
58459.28,40.13
58460.88,40.49
58462.48,40.66
58464.08,40.61
58465.68,40.34
58467.28,39.90
58468.88,39.33
58470.48,38.73
58472.08,38.15
58473.68,37.67
58475.28,37.32
58476.88,37.09
58478.47,36.96
58480.07,36.87
58481.68,36.77
58483.28,36.60
58484.88,36.34
58486.47,35.99
58488.07,35.58
58489.68,35.17
58491.28,34.83
58492.88,34.65
58494.47,34.67
58496.07,34.93
58497.68,35.41
58499.27,36.07
58500.87,36.84
58502.47,37.63
58504.07,38.34
58505.67,38.91
58507.27,39.26
58508.87,39.39
58510.47,39.29
58512.07,39.02
58513.67,38.63
58515.27,38.19
58516.87,37.77
58518.47,37.43
58520.07,37.23
58521.67,37.20
58523.27,37.33
58524.87,37.63
58526.47,38.06
58528.07,38.58
58529.67,39.13
58531.27,39.66
58532.87,40.11
58534.47,40.43
58536.07,40.57
58537.67,40.53
58539.27,40.30
58540.87,39.90
58542.47,39.36
58544.07,38.71
58545.67,38.02
58547.27,37.30
58548.87,36.60
58550.47,35.93
58552.07,35.31
58553.67,34.74
58555.27,34.23
58556.87,33.80
58558.47,33.46
58560.07,33.25
58561.67,33.18
58563.27,33.30
58564.87,33.59
58566.47,34.06
58568.07,34.68
58569.67,35.39
58571.27,36.14
58572.87,36.86
58574.47,37.51
58576.07,38.06
58577.67,38.51
58579.27,38.90
58580.87,39.27
58582.47,39.67
58584.07,40.17
58585.67,40.77
58587.27,41.49
58588.87,42.29
58590.47,43.12
58592.07,43.89
58593.67,44.55
58595.27,45.01
58596.87,45.24
58598.47,45.24
58600.07,45.02
58601.67,44.62
58603.27,44.10
58604.87,43.54
58606.47,43.00
58608.07,42.55
58609.67,42.25
58611.27,42.14
58612.87,42.26
58614.47,42.63
58616.07,43.26
58617.67,44.15
58619.27,45.25
58620.87,46.52
58622.47,47.90
58624.07,49.31
58625.67,50.67
58627.27,51.92
58628.87,53.01
58630.47,53.93
58632.07,54.68
58633.67,55.27
58635.27,55.75
58636.87,56.14
58638.47,56.49
58640.07,56.80
58641.67,57.10
58643.27,57.39
58644.87,57.69
58646.47,58.00
58648.07,58.36
58649.67,58.81
58651.27,59.37
58652.87,60.09
58654.47,60.99
58656.07,62.07
58657.67,63.30
58659.27,64.63
58660.87,65.98
58662.47,67.28
58664.07,68.42
58665.67,69.35
58667.27,70.03
58668.87,70.43
58670.47,70.59
58672.07,70.57
58673.67,70.44
58675.27,70.31
58676.87,70.25
58678.47,70.36
58680.07,70.68
58681.67,71.24
58683.27,72.01
58684.87,72.97
58686.47,74.04
58688.07,75.16
58689.67,76.26
58691.26,77.30
58692.86,78.27
58694.46,79.19
58696.07,80.12
58697.67,81.15
58699.26,82.37
58700.86,83.87
58702.46,85.74
58704.07,87.98
58705.67,90.60
58707.26,93.50
58708.86,96.60
58710.46,99.75
58712.06,102.80
58713.66,105.64
58715.26,108.14
58716.86,110.25
58718.46,111.91
58720.06,113.11
58721.66,113.87
58723.26,114.21
58724.86,114.20
58726.46,113.89
58728.06,113.39
58729.66,112.79
58731.26,112.23
58732.86,111.85
58734.46,111.76
58736.06,112.08
58737.66,112.85
58739.26,114.08
58740.86,115.69
58742.46,117.56
58744.06,119.53
58745.66,121.43
58747.26,123.10
58748.86,124.41
58750.46,125.28
58752.06,125.69
58753.66,125.67
58755.26,125.26
58756.86,124.57
58758.46,123.69
58760.06,122.72
58761.66,121.79
58763.26,121.01
58764.86,120.50
58766.46,120.37
58768.06,120.72
58769.66,121.60
58771.26,123.01
58772.86,124.90
58774.46,127.14
58776.06,129.55
58777.66,131.94
58779.26,134.10
58780.86,135.89
58782.46,137.21
58784.06,138.06
58785.66,138.49
58787.26,138.60
58788.86,138.53
58790.46,138.39
58792.06,138.26
58793.66,138.15
58795.26,138.06
58796.86,137.95
58798.46,137.79
58800.06,137.56
58801.66,137.29
58803.26,137.06
58804.86,136.95
58806.46,137.04
58808.06,137.35
58809.66,137.88
58811.26,138.51
58812.86,139.12
58814.46,139.53
58816.06,139.61
58817.66,139.29
58819.26,138.59
58820.86,137.63
58822.46,136.63
58824.06,135.83
58825.66,135.45
58827.26,135.67
58828.86,136.53
58830.46,137.93
58832.06,139.67
58833.66,141.45
58835.26,142.93
58836.86,143.82
58838.46,143.91
58840.06,143.14
58841.66,141.57
58843.26,139.41
58844.86,136.95
58846.46,134.51
58848.06,132.41
58849.66,130.88
58851.26,130.10
58852.86,130.11
58854.46,130.85
58856.06,132.22
58857.66,134.02
58859.26,136.08
58860.86,138.19
58862.46,140.18
58864.06,141.90
58865.66,143.23
58867.26,144.09
58868.86,144.41
58870.46,144.20
58872.06,143.51
58873.66,142.44
58875.26,141.16
58876.86,139.91
58878.46,138.93
58880.06,138.48
58881.66,138.75
58883.26,139.87
58884.86,141.83
58886.46,144.51
58888.06,147.63
58889.66,150.87
58891.26,153.81
58892.86,156.08
58894.46,157.39
58896.06,157.55
58897.66,156.54
58899.26,154.50
58900.86,151.70
58902.46,148.48
58904.06,145.24
58905.65,142.34
58907.25,140.05
58908.86,138.54
58910.46,137.83
58912.06,137.85
58913.65,138.39
58915.25,139.22
58916.86,140.09
58918.46,140.77
58920.06,141.11
58921.65,141.03
58923.25,140.57
58924.85,139.81
58926.45,138.93
58928.05,138.09
58929.65,137.49
58931.25,137.24
58932.85,137.44
58934.45,138.09
58936.05,139.12
58937.65,140.41
58939.25,141.79
58940.85,143.08
58942.45,144.08
58944.05,144.64
58945.65,144.64
58947.25,144.03
58948.85,142.79
58950.45,141.01
58952.05,138.80
58953.65,136.37
58955.25,133.93
58956.85,131.74
58958.45,130.06
58960.05,129.13
58961.65,129.11
58963.25,130.10
58964.85,132.08
58966.45,134.89
58968.05,138.29
58969.65,141.92
58971.25,145.38
58972.85,148.27
58974.45,150.21
58976.05,150.98
58977.65,150.47
58979.25,148.74
58980.85,146.02
58982.45,142.64
58984.05,139.04
58985.65,135.63
58987.25,132.77
58988.85,130.70
58990.45,129.51
58992.05,129.15
58993.65,129.41
58995.25,130.05
58996.85,130.76
58998.45,131.29
59000.05,131.51
59001.65,131.35
59003.25,130.89
59004.85,130.30
59006.45,129.77
59008.05,129.50
59009.65,129.67
59011.25,130.35
59012.85,131.55
59014.45,133.20
59016.05,135.20
59017.65,137.39
59019.25,139.64
59020.85,141.85
59022.45,143.91
59024.05,145.76
59025.65,147.35
59027.25,148.62
59028.85,149.49
59030.45,149.90
59032.05,149.78
59033.65,149.10
59035.25,147.86
59036.85,146.14
59038.45,144.09
59040.05,141.95
59041.65,139.98
59043.25,138.47
59044.85,137.68
59046.45,137.79
59048.05,138.88
59049.65,140.89
59051.25,143.61
59052.85,146.73
59054.45,149.84
59056.05,152.53
59057.65,154.42
59059.25,155.24
59060.85,154.84
59062.45,153.28
59064.05,150.74
59065.65,147.56
59067.25,144.16
59068.85,140.94
59070.45,138.28
59072.05,136.44
59073.65,135.55
59075.25,135.62
59076.85,136.51
59078.45,138.03
59080.05,139.96
59081.65,142.07
59083.25,144.19
59084.85,146.24
59086.45,148.18
59088.05,150.05
59089.65,151.91
59091.25,153.81
59092.85,155.79
59094.45,157.83
59096.05,159.88
59097.65,161.82
59099.25,163.52
59100.85,164.85
59102.45,165.69
59104.05,166.00
59105.65,165.82
59107.25,165.24
59108.85,164.48
59110.45,163.79
59112.05,163.45
59113.64,163.73
59115.25,164.85
59116.85,166.95
59118.44,170.01
59120.04,173.90
59121.64,178.35
59123.25,183.00
59124.85,187.42
59126.44,191.18
59128.04,193.95
59129.64,195.46
59131.25,195.64
59132.85,194.53
59134.44,192.36
59136.04,189.41
59137.64,186.06
59139.24,182.64
59140.84,179.43
59142.44,176.60
59144.04,174.22
59145.64,172.24
59147.24,170.51
59148.84,168.87
59150.44,167.17
59152.04,165.28
59153.64,163.17
59155.24,160.91
59156.84,158.62
59158.44,156.52
59160.04,154.82
59161.64,153.74
59163.24,153.43
59164.84,153.95
59166.44,155.26
59168.04,157.23
59169.64,159.62
59171.24,162.13
59172.84,164.46
59174.44,166.34
59176.04,167.55
59177.64,168.00
59179.24,167.68
59180.84,166.71
59182.44,165.32
59184.04,163.75
59185.64,162.25
59187.24,161.07
59188.84,160.32
59190.44,160.08
59192.04,160.30
59193.64,160.87
59195.24,161.63
59196.84,162.41
59198.44,163.08
59200.04,163.56
59201.64,163.82
59203.24,163.91
59204.84,163.88
59206.44,163.81
59208.04,163.76
59209.64,163.76
59211.24,163.77
59212.84,163.74
59214.44,163.56
59216.04,163.17
59217.64,162.51
59219.24,161.59
59220.84,160.48
59222.44,159.29
59224.04,158.19
59225.64,157.36
59227.24,156.93
59228.84,157.00
59230.44,157.58
59232.04,158.63
59233.64,160.03
59235.24,161.64
59236.84,163.31
59238.44,164.91
59240.04,166.35
59241.64,167.59
59243.24,168.63
59244.84,169.49
59246.44,170.20
59248.04,170.76
59249.64,171.15
59251.24,171.33
59252.84,171.23
59254.44,170.81
59256.04,170.05
59257.64,168.97
59259.24,167.66
59260.84,166.22
59262.44,164.79
59264.04,163.47
59265.64,162.37
59267.24,161.52
59268.84,160.90
59270.44,160.44
59272.04,160.07
59273.64,159.68
59275.24,159.23
59276.84,158.69
59278.44,158.11
59280.04,157.58
59281.64,157.24
59283.24,157.22
59284.84,157.65
59286.44,158.61
59288.04,160.12
59289.64,162.10
59291.24,164.44
59292.84,166.94
59294.44,169.40
59296.04,171.59
59297.64,173.34
59299.24,174.54
59300.84,175.17
59302.44,175.31
59304.04,175.14
59305.64,174.90
59307.24,174.87
59308.84,175.31
59310.44,176.40
59312.04,178.25
59313.64,180.81
59315.24,183.92
59316.84,187.30
59318.44,190.62
59320.04,193.56
59321.64,195.87
59323.24,197.44
59324.84,198.31
59326.43,198.68
59328.04,198.86
59329.64,199.21
59331.24,200.08
59332.83,201.67
59334.43,204.03
59336.04,207.00
59337.64,210.23
59339.24,213.27
59340.83,215.61
59342.43,216.80
59344.04,216.57
59345.64,214.84
59347.23,211.80
59348.83,207.83
59350.43,203.45
59352.03,199.25
59353.63,195.75
59355.23,193.31
59356.83,192.07
59358.43,191.96
59360.03,192.69
59361.63,193.82
59363.23,194.88
59364.83,195.42
59366.43,195.16
59368.03,193.98
59369.63,191.98
59371.23,189.49
59372.83,186.95
59374.43,184.89
59376.03,183.79
59377.63,184.04
59379.23,185.85
59380.83,189.20
59382.43,193.84
59384.03,199.31
59385.63,205.03
59387.23,210.34
59388.83,214.63
59390.43,217.40
59392.03,218.37
59393.63,217.52
59395.23,215.04
59396.83,211.39
59398.43,207.13
59400.03,202.92
59401.63,199.35
59403.23,196.87
59404.83,195.75
59406.43,196.03
59408.03,197.53
59409.63,199.94
59411.23,202.82
59412.83,205.76
59414.43,208.38
59416.03,210.42
59417.63,211.76
59419.23,212.37
59420.83,212.35
59422.43,211.82
59424.03,210.94
59425.63,209.87
59427.23,208.76
59428.83,207.72
59430.43,206.87
59432.03,206.33
59433.63,206.18
59435.23,206.51
59436.83,207.37
59438.43,208.75
59440.03,210.59
59441.63,212.75
59443.23,215.04
59444.83,217.26
59446.43,219.21
59448.03,220.72
59449.63,221.72
59451.23,222.19
59452.83,222.24
59454.43,221.98
59456.03,221.60
59457.63,221.24
59459.23,221.00
59460.83,220.91
59462.43,220.91
59464.03,220.86
59465.63,220.58
59467.23,219.91
59468.83,218.69
59470.43,216.84
59472.03,214.40
59473.63,211.51
59475.23,208.39
59476.83,205.36
59478.43,202.73
59480.03,200.81
59481.63,199.81
59483.23,199.83
59484.83,200.83
59486.43,202.62
59488.03,204.92
59489.63,207.37
59491.23,209.59
59492.83,211.26
59494.43,212.16
59496.03,212.19
59497.63,211.40
59499.23,209.95
59500.83,208.10
59502.43,206.12
59504.03,204.28
59505.63,202.80
59507.23,201.79
59508.83,201.30
59510.43,201.31
59512.03,201.75
59513.63,202.58
59515.23,203.76
59516.83,205.31
59518.43,207.27
59520.03,209.69
59521.63,212.60
59523.23,215.95
59524.83,219.58
59526.43,223.25
59528.03,226.62
59529.63,229.33
59531.23,231.02
59532.83,231.42
59534.43,230.42
59536.03,228.06
59537.62,224.58
59539.22,220.35
59540.82,215.84
59542.43,211.54
59544.03,207.87
59545.62,205.16
59547.22,203.56
59548.82,203.10
59550.43,203.66
59552.03,205.02
59553.62,206.94
59555.22,209.20
59556.82,211.62
59558.42,214.08
59560.02,216.52
59561.62,218.91
59563.22,221.21
59564.82,223.35
59566.42,225.21
59568.02,226.60
59569.62,227.32
59571.22,227.20
59572.82,226.12
59574.42,224.11
59576.02,221.30
59577.62,218.02
59579.22,214.68
59580.82,211.74
59582.42,209.63
59584.02,208.66
59585.62,208.95
59587.22,210.37
59588.82,212.59
59590.42,215.09
59592.02,217.28
59593.62,218.62
59595.22,218.68
59596.82,217.28
59598.42,214.54
59600.02,210.80
59601.62,206.63
59603.22,202.70
59604.82,199.64
59606.42,197.94
59608.02,197.85
59609.62,199.33
59611.22,202.08
59612.82,205.59
59614.42,209.27
59616.02,212.52
59617.62,214.87
59619.22,216.07
59620.82,216.08
59622.42,215.09
59624.02,213.46
59625.62,211.62
59627.22,209.96
59628.82,208.82
59630.42,208.36
59632.02,208.60
59633.62,209.40
59635.22,210.54
59636.82,211.78
59638.42,212.90
59640.02,213.76
59641.62,214.31
59643.22,214.62
59644.82,214.80
59646.42,215.02
59648.02,215.41
59649.62,216.07
59651.22,217.06
59652.82,218.37
59654.42,219.94
59656.02,221.72
59657.62,223.66
59659.22,225.73
59660.82,227.95
59662.42,230.34
59664.02,232.94
59665.62,235.81
59667.22,238.93
59668.82,242.29
59670.42,245.84
59672.02,249.53
59673.62,253.31
59675.22,257.16
59676.82,261.08
59678.42,265.12
59680.02,269.35
59681.62,273.82
59683.22,278.54
59684.82,283.50
59686.42,288.61
59688.02,293.73
59689.62,298.71
59691.22,303.41
59692.82,307.73
59694.42,311.64
59696.02,315.22
59697.62,318.58
59699.22,321.91
59700.82,325.36
59702.42,329.06
59704.02,333.01
59705.62,337.11
59707.22,341.16
59708.82,344.87
59710.42,347.93
59712.02,350.13
59713.62,351.33
59715.22,351.61
59716.82,351.21
59718.42,350.54
59720.02,350.10
59721.62,350.39
59723.22,351.80
59724.82,354.51
59726.42,358.46
59728.02,363.31
59729.62,368.51
59731.22,373.40
59732.82,377.30
59734.42,379.70
59736.02,380.31
59737.62,379.17
59739.22,376.63
59740.82,373.30
59742.42,369.91
59744.02,367.23
59745.62,365.86
59747.22,366.14
59748.82,368.10
59750.42,371.44
59752.01,375.56
59753.61,379.74
59755.21,383.19
59756.82,385.29
59758.42,385.62
59760.01,384.10
59761.61,380.95
59763.21,376.70
59764.82,372.04
59766.42,367.74
59768.01,364.47
59769.61,362.76
59771.21,362.84
59772.81,364.70
59774.41,368.02
59776.01,372.31
59777.61,376.96
59779.21,381.36
59780.81,384.99
59782.41,387.47
59784.01,388.64
59785.61,388.55
59787.21,387.40
59788.81,385.55
59790.41,383.40
59792.01,381.36
59793.61,379.75
59795.21,378.75
59796.81,378.39
59798.41,378.52
59800.01,378.86
59801.61,379.06
59803.21,378.74
59804.81,377.59
59806.41,375.45
59808.01,372.36
59809.61,368.57
59811.21,364.51
59812.81,360.74
59814.41,357.88
59816.01,356.45
59817.61,356.80
59819.21,359.04
59820.81,363.01
59822.41,368.29
59824.01,374.25
59825.61,380.18
59827.21,385.38
59828.81,389.26
59830.41,391.46
59832.01,391.83
59833.61,390.51
59835.21,387.81
59836.81,384.20
59838.41,380.19
59840.01,376.27
59841.61,372.82
59843.21,370.10
59844.81,368.20
59846.41,367.10
59848.01,366.69
59849.61,366.80
59851.21,367.30
59852.81,368.06
59854.41,369.05
59856.01,370.28
59857.61,371.80
59859.21,373.65
59860.81,375.87
59862.41,378.41
59864.01,381.17
59865.61,383.96
59867.21,386.54
59868.81,388.63
59870.41,389.98
59872.01,390.40
59873.61,389.76
59875.21,388.05
59876.81,385.37
59878.41,381.92
59880.01,377.95
59881.61,373.75
59883.21,369.61
59884.81,365.78
59886.41,362.47
59888.01,359.81
59889.61,357.91
59891.21,356.82
59892.81,356.57
59894.41,357.18
59896.01,358.64
59897.61,360.90
59899.21,363.83
59900.81,367.23
59902.41,370.79
59904.01,374.12
59905.61,376.78
59907.21,378.36
59908.81,378.52
59910.41,377.12
59912.01,374.24
59913.61,370.20
59915.21,365.52
59916.81,360.89
59918.41,356.97
59920.01,354.35
59921.61,353.39
59923.21,354.15
59924.81,356.41
59926.41,359.66
59928.01,363.28
59929.61,366.58
59931.21,369.02
59932.81,370.27
59934.41,370.28
59936.01,369.26
59937.61,367.62
59939.21,365.89
59940.81,364.52
59942.41,363.84
59944.01,363.91
59945.61,364.57
59947.21,365.43
59948.81,366.01
59950.41,365.83
59952.01,364.54
59953.61,362.05
59955.21,358.55
59956.81,354.49
59958.41,350.53
59960.01,347.40
59961.61,345.78
59963.21,346.16
59964.81,348.73
59966.40,353.38
59968.00,359.68
59969.61,366.95
59971.21,374.42
59972.81,381.31
59974.40,386.98
59976.00,391.03
59977.61,393.37
59979.21,394.18
59980.81,393.88
59982.40,393.05
59984.00,392.28
59985.60,392.05
59987.20,392.68
59988.80,394.22
59990.40,396.47
59992.00,399.04
59993.60,401.40
59995.20,403.03
59996.80,403.47
59998.40,402.50
60000.00,400.09
60001.60,396.46
60003.20,392.05
60004.80,387.38
60006.40,383.02
60008.00,379.44
60009.60,377.01
60011.20,375.88
60012.80,376.05
60014.40,377.38
60016.00,379.61
60017.60,382.46
60019.20,385.62
60020.80,388.81
60022.40,391.73
60024.00,394.13
60025.60,395.72
60027.20,396.27
60028.80,395.57
60030.40,393.50
60032.00,390.09
60033.60,385.53
60035.20,380.18
60036.80,374.56
60038.40,369.26
60040.00,364.84
60041.60,361.78
60043.20,360.32
60044.80,360.49
60046.40,362.07
60048.00,364.64
60049.60,367.72
60051.20,370.81
60052.80,373.53
60054.40,375.66
60056.00,377.15
60057.60,378.07
60059.20,378.59
60060.80,378.88
60062.40,379.04
60064.00,379.07
60065.60,378.87
60067.20,378.28
60068.80,377.12
60070.40,375.28
60072.00,372.74
60073.60,369.61
60075.20,366.13
60076.80,362.60
60078.40,359.34
60080.00,356.63
60081.60,354.67
60083.20,353.55
60084.80,353.24
60086.40,353.61
60088.00,354.50
60089.60,355.70
60091.20,357.02
60092.80,358.27
60094.40,359.34
60096.00,360.12
60097.60,360.53
60099.20,360.54
60100.80,360.15
60102.40,359.39
60104.00,358.38
60105.60,357.26
60107.20,356.22
60108.80,355.47
60110.40,355.19
60112.00,355.50
60113.60,356.42
60115.20,357.87
60116.80,359.66
60118.40,361.53
60120.00,363.21
60121.60,364.45
60123.20,365.11
60124.80,365.16
60126.40,364.70
60128.00,363.97
60129.60,363.25
60131.20,362.84
60132.80,362.98
60134.40,363.81
60136.00,365.33
60137.60,367.40
60139.20,369.80
60140.80,372.22
60142.40,374.36
60144.00,376.00
60145.60,376.97
60147.20,377.23
60148.80,376.87
60150.40,376.02
60152.00,374.89
60153.60,373.70
60155.20,372.63
60156.80,371.80
60158.40,371.29
60160.00,371.10
60161.60,371.17
60163.20,371.42
60164.80,371.75
60166.40,372.06
60168.00,372.25
60169.60,372.28
60171.20,372.15
60172.79,371.87
60174.39,371.54
60176.00,371.26
60177.60,371.16
60179.19,371.38
60180.79,372.01
60182.39,373.10
60184.00,374.59
60185.60,376.36
60187.19,378.20
60188.79,379.82
60190.39,380.91
60192.00,381.20
60193.60,380.48
60195.19,378.67
60196.79,375.84
60198.39,372.21
60199.99,368.13
60201.59,364.05
60203.19,360.45
60204.79,357.76
60206.39,356.31
60207.99,356.27
60209.59,357.64
60211.19,360.23
60212.79,363.70
60214.39,367.59
60215.99,371.41
60217.59,374.67
60219.19,376.98
60220.79,378.09
60222.39,377.95
60223.99,376.66
60225.59,374.52
60227.19,371.98
60228.79,369.53
60230.39,367.66
60231.99,366.78
60233.59,367.12
60235.19,368.71
60236.79,371.35
60238.39,374.63
60239.99,378.00
60241.59,380.89
60243.19,382.78
60244.79,383.33
60246.39,382.45
60247.99,380.34
60249.59,377.46
60251.19,374.42
60252.79,371.92
60254.39,370.55
60255.99,370.67
60257.59,372.36
60259.19,375.36
60260.79,379.12
60262.39,382.93
60263.99,386.06
60265.59,387.88
60267.19,388.07
60268.79,386.62
60270.39,383.89
60271.99,380.48
60273.59,377.11
60275.19,374.49
60276.79,373.10
60278.39,373.14
60279.99,374.46
60281.59,376.63
60283.19,379.04
60284.79,381.06
60286.39,382.22
60287.99,382.33
60289.59,381.49
60291.19,380.14
60292.79,378.87
60294.39,378.34
60295.99,379.03
60297.59,381.16
60299.19,384.58
60300.79,388.81
60302.39,393.11
60303.99,396.67
60305.59,398.79
60307.19,399.06
60308.79,397.49
60310.39,394.48
60311.99,390.83
60313.59,387.48
60315.19,385.40
60316.79,385.33
60318.39,387.62
60319.99,392.15
60321.59,398.34
60323.19,405.27
60324.79,411.84
60326.39,417.03
60327.99,420.05
60329.59,420.55
60331.19,418.60
60332.79,414.71
60334.39,409.70
60335.99,404.49
60337.59,399.92
60339.19,396.60
60340.79,394.79
60342.39,394.41
60343.99,395.06
60345.59,396.15
60347.19,397.09
60348.79,397.40
60350.39,396.80
60351.99,395.29
60353.59,393.10
60355.19,390.64
60356.79,388.34
60358.39,386.61
60359.99,385.71
60361.59,385.72
60363.19,386.55
60364.79,387.96
60366.39,389.65
60367.99,391.33
60369.59,392.75
60371.19,393.78
60372.79,394.36
60374.39,394.50
60375.99,394.25
60377.59,393.68
60379.19,392.81
60380.79,391.66
60382.39,390.25
60383.99,388.57
60385.58,386.72
60387.18,384.83
60388.79,383.11
60390.39,381.83
60391.99,381.32
60393.58,381.83
60395.18,383.59
60396.79,386.64
60398.39,390.91
60399.99,396.11
60401.58,401.82
60403.18,407.49
60404.79,412.56
60406.38,416.50
60407.98,418.91
60409.58,419.61
60411.18,418.62
60412.78,416.25
60414.38,412.97
60415.98,409.36
60417.58,406.03
60419.18,403.49
60420.78,402.04
60422.38,401.75
60423.98,402.43
60425.58,403.66
60427.18,404.91
60428.78,405.62
60430.38,405.36
60431.98,403.88
60433.58,401.20
60435.18,397.60
60436.78,393.56
60438.38,389.70
60439.98,386.62
60441.58,384.83
60443.18,384.65
60444.78,386.13
60446.38,389.14
60447.98,393.31
60449.58,398.19
60451.18,403.26
60452.78,408.06
60454.38,412.23
60455.98,415.50
60457.58,417.77
60459.18,419.03
60460.78,419.40
60462.38,419.04
60463.98,418.17
60465.58,417.06
60467.18,415.95
60468.78,415.09
60470.38,414.68
60471.98,414.86
60473.58,415.69
60475.18,417.09
60476.78,418.91
60478.38,420.88
60479.98,422.69
60481.58,423.98
60483.18,424.47
60484.78,423.94
60486.38,422.33
60487.98,419.71
60489.58,416.34
60491.18,412.58
60492.78,408.84
60494.38,405.56
60495.98,403.10
60497.58,401.68
60499.18,401.36
60500.78,402.03
60502.38,403.43
60503.98,405.20
60505.58,406.97
60507.18,408.41
60508.78,409.28
60510.38,409.50
60511.98,409.14
60513.58,408.39
60515.18,407.54
60516.78,406.89
60518.38,406.72
60519.98,407.25
60521.58,408.56
60523.18,410.62
60524.78,413.29
60526.38,416.30
60527.98,419.37
60529.58,422.15
60531.18,424.36
60532.78,425.74
60534.38,426.13
60535.98,425.48
60537.58,423.84
60539.18,421.36
60540.78,418.31
60542.38,414.97
60543.98,411.69
60545.58,408.77
60547.18,406.50
60548.78,405.08
60550.38,404.62
60551.98,405.15
60553.58,406.58
60555.18,408.77
60556.78,411.47
60558.38,414.39
60559.98,417.22
60561.58,419.63
60563.18,421.31
60564.78,422.06
60566.38,421.73
60567.98,420.37
60569.58,418.12
60571.18,415.32
60572.78,412.40
60574.38,409.85
60575.98,408.11
60577.58,407.53
60579.18,408.24
60580.78,410.13
60582.38,412.85
60583.98,415.85
60585.58,418.45
60587.18,420.03
60588.78,420.11
60590.38,418.47
60591.98,415.22
60593.58,410.76
60595.18,405.75
60596.78,400.95
60598.38,397.08
60599.97,394.67
60601.57,393.99
60603.18,394.96
60604.78,397.24
60606.38,400.31
60607.97,403.58
60609.57,406.55
60611.18,408.89
60612.78,410.49
60614.38,411.42
60615.97,411.91
60617.57,412.20
60619.17,412.46
60620.77,412.76
60622.37,413.00
60623.97,412.99
60625.57,412.51
60627.17,411.41
60628.77,409.70
60630.37,407.54
60631.97,405.29
60633.57,403.37
60635.17,402.20
60636.77,402.07
60638.37,403.05
60639.97,404.96
60641.57,407.40
60643.17,409.81
60644.77,411.64
60646.37,412.44
60647.97,411.99
60649.57,410.36
60651.17,407.92
60652.77,405.21
60654.37,402.91
60655.97,401.61
60657.57,401.74
60659.17,403.45
60660.77,406.59
60662.37,410.76
60663.97,415.33
60665.57,419.64
60667.17,423.07
60668.77,425.17
60670.37,425.72
60671.97,424.78
60673.57,422.62
60675.17,419.68
60676.77,416.48
60678.37,413.49
60679.97,411.07
60681.57,409.42
60683.17,408.55
60684.77,408.31
60686.37,408.44
60687.97,408.68
60689.57,408.79
60691.17,408.66
60692.77,408.33
60694.37,407.97
60695.97,407.81
60697.57,408.15
60699.17,409.19
60700.77,411.03
60702.37,413.59
60703.97,416.65
60705.57,419.83
60707.17,422.71
60708.77,424.90
60710.37,426.13
60711.97,426.27
60713.57,425.41
60715.17,423.82
60716.77,421.89
60718.37,420.05
60719.97,418.70
60721.57,418.10
60723.17,418.32
60724.77,419.28
60726.37,420.68
60727.97,422.15
60729.57,423.26
60731.17,423.64
60732.77,423.04
60734.37,421.39
60735.97,418.80
60737.57,415.56
60739.17,412.06
60740.77,408.77
60742.37,406.09
60743.97,404.36
60745.57,403.73
60747.17,404.19
60748.77,405.53
60750.37,407.43
60751.97,409.50
60753.57,411.33
60755.17,412.63
60756.77,413.23
60758.37,413.12
60759.97,412.44
60761.57,411.45
60763.17,410.44
60764.77,409.67
60766.37,409.30
60767.97,409.35
60769.57,409.68
60771.17,410.05
60772.77,410.18
60774.37,409.79
60775.97,408.71
60777.57,406.91
60779.17,404.52
60780.77,401.76
60782.37,398.92
60783.97,396.28
60785.57,394.04
60787.17,392.24
60788.77,390.83
60790.37,389.68
60791.97,388.60
60793.57,387.50
60795.17,386.39
60796.77,385.40
60798.37,384.81
60799.97,384.95
60801.57,386.09
60803.17,388.40
60804.77,391.80
60806.37,396.01
60807.97,400.50
60809.57,404.60
60811.17,407.63
60812.76,409.02
60814.36,408.42
60815.96,405.85
60817.57,401.63
60819.17,396.42
60820.76,391.05
60822.36,386.43
60823.96,383.36
60825.57,382.41
60827.17,383.84
60828.76,387.51
60830.36,392.99
60831.96,399.58
60833.56,406.49
60835.16,412.93
60836.76,418.28
60838.36,422.17
60839.96,424.50
60841.56,425.45
60843.16,425.41
60844.76,424.88
60846.36,424.39
60847.96,424.37
60849.56,425.11
60851.16,426.74
60852.76,429.20
60854.36,432.33
60855.96,435.88
60857.56,439.61
60859.16,443.27
60860.76,446.71
60862.36,449.80
60863.96,452.48
60865.56,454.68
60867.16,456.34
60868.76,457.40
60870.36,457.80
60871.96,457.51
60873.56,456.57
60875.16,455.09
60876.76,453.30
60878.36,451.50
60879.96,450.05
60881.56,449.25
60883.16,449.32
60884.76,450.32
60886.36,452.11
60887.96,454.36
60889.56,456.59
60891.16,458.25
60892.76,458.88
60894.36,458.14
60895.96,455.95
60897.56,452.53
60899.16,448.32
60900.76,443.98
60902.36,440.22
60903.96,437.71
60905.56,436.92
60907.16,438.02
60908.76,440.89
60910.36,445.09
60911.96,449.98
60913.56,454.80
60915.16,458.81
60916.76,461.46
60918.36,462.40
60919.96,461.63
60921.56,459.38
60923.16,456.14
60924.76,452.51
60926.36,449.12
60927.96,446.52
60929.56,445.08
60931.16,444.96
60932.76,446.12
60934.36,448.28
60935.96,451.08
60937.56,454.02
60939.16,456.66
60940.76,458.58
60942.36,459.49
60943.96,459.23
60945.56,457.82
60947.16,455.44
60948.76,452.39
60950.36,449.12
60951.96,446.12
60953.56,443.89
60955.16,442.85
60956.76,443.26
60958.36,445.17
60959.96,448.37
60961.56,452.39
60963.16,456.56
60964.76,460.08
60966.36,462.19
60967.96,462.28
60969.56,460.04
60971.16,455.54
60972.76,449.25
60974.36,442.01
60975.96,434.89
60977.56,429.04
60979.16,425.47
60980.76,424.90
60982.36,427.63
60983.96,433.46
60985.56,441.79
60987.16,451.66
60988.76,461.98
60990.36,471.67
60991.96,479.87
60993.56,486.06
60995.16,490.11
60996.76,492.28
60998.36,493.12
60999.96,493.35
61001.56,493.68
61003.16,494.71
61004.76,496.82
61006.36,500.07
61007.96,504.29
61009.56,509.05
61011.16,513.83
61012.76,518.04
61014.36,521.21
61015.96,522.99
61017.56,523.23
61019.16,522.02
61020.75,519.62
61022.36,516.43
61023.96,512.96
61025.56,509.71
61027.15,507.13
61028.75,505.55
61030.36,505.15
61031.96,505.95
61033.56,507.78
61035.15,510.38
61036.75,513.36
61038.36,516.36
61039.96,519.05
61041.55,521.20
61043.15,522.70
61044.75,523.60
61046.35,524.03
61047.95,524.19
61049.55,524.28
61051.15,524.45
61052.75,524.77
61054.35,525.21
61055.95,525.67
61057.55,526.00
61059.15,526.09
61060.75,525.87
61062.35,525.36
61063.95,524.67
61065.55,523.99
61067.15,523.49
61068.75,523.33
61070.35,523.58
61071.95,524.21
61073.55,525.11
61075.15,526.11
61076.75,527.02
61078.35,527.72
61079.95,528.19
61081.55,528.51
61083.15,528.85
61084.75,529.45
61086.35,530.51
61087.95,532.14
61089.55,534.34
61091.15,536.92
61092.75,539.54
61094.35,541.77
61095.95,543.19
61097.55,543.46
61099.15,542.40
61100.75,540.12
61102.35,536.93
61103.95,533.40
61105.55,530.16
61107.15,527.86
61108.75,526.98
61110.35,527.70
61111.95,529.87
61113.55,532.99
61115.15,536.28
61116.75,538.87
61118.35,539.92
61119.95,538.83
61121.55,535.40
61123.15,529.87
61124.75,522.87
61126.35,515.36
61127.95,508.40
61129.55,502.95
61131.15,499.73
61132.75,499.03
61134.35,500.71
61135.95,504.29
61137.55,509.00
61139.15,514.02
61140.75,518.64
61142.35,522.32
61143.95,524.84
61145.55,526.21
61147.15,526.63
61148.75,526.38
61150.35,525.71
61151.95,524.77
61153.55,523.58
61155.15,522.11
61156.75,520.26
61158.35,518.00
61159.95,515.39
61161.55,512.61
61163.15,509.94
61164.75,507.65
61166.35,506.00
61167.95,505.11
61169.55,504.94
61171.15,505.33
61172.75,506.05
61174.35,506.84
61175.95,507.52
61177.55,508.07
61179.15,508.61
61180.75,509.38
61182.35,510.69
61183.95,512.80
61185.55,515.86
61187.15,519.82
61188.75,524.42
61190.35,529.23
61191.95,533.73
61193.55,537.38
61195.15,539.76
61196.75,540.62
61198.35,539.98
61199.95,538.06
61201.55,535.33
61203.15,532.36
61204.75,529.73
61206.35,527.97
61207.95,527.46
61209.55,528.33
61211.15,530.51
61212.75,533.67
61214.35,537.32
61215.95,540.84
61217.55,543.56
61219.15,544.90
61220.75,544.40
61222.35,541.84
61223.95,537.29
61225.55,531.10
61227.15,523.95
61228.75,516.71
61230.35,510.38
61231.94,505.93
61233.54,504.13
61235.14,505.41
61236.75,509.71
61238.35,516.49
61239.94,524.72
61241.54,533.03
61243.14,539.90
61244.75,543.91
61246.35,544.02
61247.94,539.74
61249.54,531.29
61251.14,519.60
61252.75,506.18
61254.34,492.90
61255.94,481.68
61257.54,474.20
61259.14,471.55
61260.74,474.08
61262.34,481.34
61263.94,492.12
61265.54,504.72
61267.14,517.20
61268.74,527.72
61270.34,534.91
61271.94,538.00
61273.54,537.00
61275.14,532.66
61276.74,526.22
61278.34,519.28
61279.94,513.38
61281.54,509.80
61283.14,509.32
61284.74,512.09
61286.34,517.68
61287.94,525.18
61289.54,533.40
61291.14,541.09
61292.74,547.21
61294.34,551.04
61295.94,552.34
61297.54,551.28
61299.14,548.44
61300.74,544.58
61302.34,540.57
61303.94,537.13
61305.54,534.78
61307.14,533.75
61308.74,533.95
61310.34,535.08
61311.94,536.68
61313.54,538.24
61315.14,539.34
61316.74,539.69
61318.34,539.19
61319.94,537.91
61321.54,536.05
61323.14,533.90
61324.74,531.74
61326.34,529.79
61327.94,528.18
61329.54,526.93
61331.14,525.98
61332.74,525.21
61334.34,524.47
61335.94,523.65
61337.54,522.72
61339.14,521.66
61340.74,520.55
61342.34,519.45
61343.94,518.44
61345.54,517.51
61347.14,516.60
61348.74,515.54
61350.34,514.11
61351.94,512.06
61353.54,509.19
61355.14,505.37
61356.74,500.66
61358.34,495.29
61359.94,489.67
61361.54,484.35
61363.14,479.98
61364.74,477.15
61366.34,476.33
61367.94,477.73
61369.54,481.25
61371.14,486.48
61372.74,492.69
61374.34,499.00
61375.94,504.47
61377.54,508.33
61379.14,510.09
61380.74,509.68
61382.34,507.52
61383.94,504.41
61385.54,501.42
61387.14,499.70
61388.74,500.19
61390.34,503.48
61391.94,509.57
61393.54,517.90
61395.14,527.41
61396.74,536.70
61398.34,544.33
61399.94,549.10
61401.54,550.29
61403.14,547.85
61404.74,542.40
61406.34,535.10
61407.94,527.47
61409.54,521.03
61411.14,517.00
61412.74,516.09
61414.34,518.30
61415.94,522.97
61417.54,528.90
61419.14,534.62
61420.74,538.72
61422.34,540.12
61423.94,538.31
61425.54,533.49
61427.14,526.48
61428.74,518.56
61430.34,511.23
61431.94,505.87
61433.54,503.47
61435.14,504.47
61436.74,508.60
61438.34,515.05
61439.94,522.55
61441.54,529.70
61443.14,535.22
61444.74,538.18
61446.33,538.21
61447.93,535.50
61449.54,530.76
61451.14,525.07
61452.74,519.61
61454.33,515.45
61455.93,513.35
61457.54,513.61
61459.14,516.09
61460.74,520.22
61462.33,525.19
61463.93,530.11
61465.53,534.22
61467.13,536.99
61468.73,538.22
61470.33,538.02
61471.93,536.74
61473.53,534.82
61475.13,532.68
61476.73,530.58
61478.33,528.57
61479.93,526.51
61481.53,524.09
61483.13,521.03
61484.73,517.13
61486.33,512.40
61487.93,507.17
61489.53,502.00
61491.13,497.62
61492.73,494.83
61494.33,494.26
61495.93,496.25
61497.53,500.74
61499.13,507.23
61500.73,514.83
61502.33,522.40
61503.93,528.77
61505.53,532.92
61507.13,534.22
61508.73,532.51
61510.33,528.19
61511.93,522.11
61513.53,515.44
61515.13,509.43
61516.73,505.16
61518.33,503.38
61519.93,504.31
61521.53,507.64
61523.13,512.59
61524.73,518.07
61526.33,522.92
61527.93,526.07
61529.53,526.82
61531.13,524.92
61532.73,520.57
61534.33,514.41
61535.93,507.33
61537.53,500.29
61539.13,494.13
61540.73,489.44
61542.33,486.43
61543.93,484.94
61545.53,484.52
61547.13,484.51
61548.73,484.24
61550.33,483.15
61551.93,480.91
61553.53,477.50
61555.13,473.22
61556.73,468.62
61558.33,464.44
61559.93,461.40
61561.53,460.15
61563.13,461.05
61564.73,464.14
61566.33,469.08
61567.93,475.18
61569.53,481.51
61571.13,487.00
61572.73,490.68
61574.33,491.81
61575.93,490.02
61577.53,485.39
61579.13,478.47
61580.73,470.15
61582.33,461.54
61583.93,453.78
61585.53,447.85
61587.13,444.41
61588.73,443.73
61590.33,445.63
61591.93,449.59
61593.53,454.82
61595.13,460.40
61596.73,465.46
61598.33,469.26
61599.93,471.31
61601.53,471.39
61603.13,469.55
61604.73,466.07
61606.33,461.45
61607.93,456.25
61609.53,451.14
61611.13,446.73
61612.73,443.54
61614.33,441.96
61615.93,442.17
61617.53,444.13
61619.13,447.56
61620.73,452.00
61622.33,456.83
61623.93,461.36
61625.53,464.97
61627.13,467.17
61628.73,467.69
61630.33,466.52
61631.93,463.91
61633.53,460.30
61635.13,456.28
61636.73,452.44
61638.33,449.32
61639.93,447.29
61641.53,446.54
61643.13,447.08
61644.73,448.69
61646.33,451.04
61647.93,453.71
61649.53,456.24
61651.13,458.20
61652.73,459.25
61654.33,459.16
61655.93,457.87
61657.53,455.47
61659.12,452.23
61660.72,448.55
61662.32,444.90
61663.93,441.76
61665.53,439.48
61667.12,438.24
61668.72,437.98
61670.32,438.41
61671.93,439.03
61673.53,439.25
61675.12,438.56
61676.72,436.62
61678.32,433.42
61679.92,429.33
61681.52,425.06
61683.12,421.56
61684.72,419.86
61686.32,420.81
61687.92,424.92
61689.52,432.21
61691.12,442.14
61692.72,453.68
61694.32,465.47
61695.92,476.05
61697.52,484.14
61699.12,488.86
61700.72,489.87
61702.32,487.49
61703.92,482.54
61705.52,476.24
61707.12,469.97
61708.72,464.97
61710.32,462.19
61711.92,462.10
61713.52,464.70
61715.12,469.52
61716.72,475.81
61718.32,482.67
61719.92,489.30
61721.52,495.07
61723.12,499.62
61724.72,502.91
61726.32,505.12
61727.92,506.55
61729.52,507.56
61731.12,508.46
61732.72,509.42
61734.32,510.51
61735.92,511.70
61737.52,512.90
61739.12,514.00
61740.72,514.93
61742.32,515.65
61743.92,516.15
61745.52,516.41
61747.12,516.37
61748.72,515.97
61750.32,515.10
61751.92,513.70
61753.52,511.78
61755.12,509.48
61756.72,507.12
61758.32,505.15
61759.92,504.12
61761.52,504.57
61763.12,506.88
61764.72,511.19
61766.32,517.28
61767.92,524.60
61769.52,532.28
61771.12,539.29
61772.72,544.65
61774.32,547.56
61775.92,547.61
61777.52,544.87
61779.12,539.90
61780.72,533.63
61782.32,527.22
61783.92,521.81
61785.52,518.30
61787.12,517.17
61788.72,518.38
61790.32,521.42
61791.92,525.37
61793.52,529.15
61795.12,531.73
61796.72,532.36
61798.32,530.74
61799.92,527.08
61801.52,522.05
61803.12,516.62
61804.72,511.85
61806.32,508.64
61807.92,507.57
61809.52,508.75
61811.12,511.80
61812.72,516.01
61814.32,520.47
61815.92,524.28
61817.52,526.81
61819.12,527.77
61820.72,527.29
61822.32,525.82
61823.92,524.02
61825.52,522.54
61827.12,521.83
61828.72,522.06
61830.32,523.01
61831.92,524.21
61833.52,525.05
61835.12,524.95
61836.72,523.60
61838.32,521.00
61839.92,517.59
61841.52,514.09
61843.12,511.42
61844.72,510.41
61846.32,511.63
61847.92,515.22
61849.52,520.80
61851.12,527.51
61852.72,534.17
61854.32,539.51
61855.92,542.43
61857.52,542.21
61859.12,538.71
61860.72,532.39
61862.32,524.24
61863.92,515.61
61865.52,507.93
61867.12,502.48
61868.71,500.13
61870.32,501.23
61871.92,505.51
61873.51,512.21
61875.11,520.22
61876.71,528.28
61878.32,535.24
61879.92,540.25
61881.51,542.87
61883.11,543.11
61884.71,541.36
61886.32,538.33
61887.92,534.82
61889.51,531.57
61891.11,529.17
61892.71,527.90
61894.31,527.75
61895.91,528.45
61897.51,529.54
61899.11,530.50
61900.71,530.86
61902.31,530.32
61903.91,528.79
61905.51,526.42
61907.11,523.58
61908.71,520.76
61910.31,518.48
61911.91,517.18
61913.51,517.13
61915.11,518.36
61916.71,520.65
61918.31,523.57
61919.91,526.54
61921.51,528.98
61923.11,530.40
61924.71,530.51
61926.31,529.25
61927.91,526.86
61929.51,523.79
61931.11,520.59
61932.71,517.84
61934.31,516.01
61935.91,515.36
61937.51,515.94
61939.11,517.52
61940.71,519.74
61942.31,522.15
61943.91,524.35
61945.51,526.04
61947.11,527.14
61948.71,527.72
61950.31,528.04
61951.91,528.40
61953.51,529.10
61955.11,530.33
61956.71,532.12
61958.31,534.34
61959.91,536.70
61961.51,538.86
61963.11,540.52
61964.71,541.46
61966.31,541.61
61967.91,541.10
61969.51,540.18
61971.11,539.16
61972.71,538.36
61974.31,537.99
61975.91,538.13
61977.51,538.72
61979.11,539.56
61980.71,540.44
61982.31,541.14
61983.91,541.57
61985.51,541.77
61987.11,541.93
61988.71,542.32
61990.31,543.24
61991.91,544.89
61993.51,547.33
61995.11,550.40
61996.71,553.74
61998.31,556.87
61999.91,559.25
62001.51,560.46
62003.11,560.27
62004.71,558.75
62006.31,556.28
62007.91,553.47
62009.51,551.08
62011.11,549.82
62012.71,550.20
62014.31,552.38
62015.91,556.06
62017.51,560.53
62019.11,564.75
62020.71,567.53
62022.31,567.76
62023.91,564.63
62025.51,557.82
62027.11,547.57
62028.71,534.66
62030.31,520.33